fecha,PRECTOTCORR,IMERG_PRECTOT,T2M,T2M_MAX,T2M_MIN,RH2M,QV2M,GWETTOP,GWETROOT,ALLSKY_SFC_SW_DWN,WS2M,precio_interno,year_iso,week_iso
2021-01-04,5.890666666666666,,19.186666666666667,23.254,16.209333333333333,87.67266666666666,14.342666666666668,0.774,0.754,13.996666666666666,0.776,1073000.0,2021,1
2021-01-11,5.045999999999999,,18.64485714285714,22.705714285714286,15.584,85.782,13.549142857142858,0.7697142857142858,0.7517142857142858,14.466571428571427,0.8188571428571428,1050285.714285714,2021,2
2021-01-18,1.0517142857142858,,19.771142857142856,24.899142857142856,15.909428571428572,81.29571428571428,13.654857142857145,0.7411428571428571,0.7348571428571429,17.718,0.8402857142857144,1068714.285714286,2021,3
2021-01-25,6.263714285714285,,19.859714285714286,24.96457142857143,16.02542857142857,80.66971428571428,13.604571428571427,0.7288571428571429,0.7165714285714285,16.238,0.8342857142857142,1079142.857142857,2021,4
2021-02-01,3.464285714285714,,20.06571428571429,25.20057142857143,16.176,80.84371428571428,13.80742857142857,0.7317142857142857,0.7302857142857142,17.927714285714284,0.8348571428571429,1094714.285714286,2021,5
2021-02-08,4.735714285714286,,20.223142857142857,24.87228571428572,16.819142857142857,82.10028571428572,14.188,0.7237142857142856,0.7191428571428571,15.799714285714288,0.8657142857142857,1091000.0,2021,6
2021-02-15,1.4005714285714286,,19.988,24.448285714285717,16.975428571428573,83.67428571428572,14.299428571428573,0.7205714285714285,0.7217142857142858,15.166285714285715,0.7948571428571428,1068857.142857143,2021,7
2021-02-22,4.500571428571429,,19.65742857142857,24.45114285714286,16.22342857142857,82.5957142857143,13.765428571428572,0.7365714285714285,0.7314285714285714,14.526285714285716,0.8285714285714285,1105857.142857143,2021,8
2021-03-01,2.7697142857142856,,20.346857142857143,25.124857142857145,16.886285714285712,81.95257142857143,14.232285714285714,0.7134285714285714,0.7125714285714285,14.331714285714288,0.7979999999999999,1188428.571428571,2021,9
2021-03-08,4.928857142857143,,19.500285714285717,23.86857142857143,16.463428571428572,83.25914285714285,13.784571428571429,0.7245714285714285,0.7194285714285714,13.528,0.6811428571428572,1170285.714285714,2021,10
2021-03-15,4.1417142857142855,,19.05257142857143,23.336285714285715,15.80142857142857,82.77085714285714,13.330857142857145,0.7362857142857143,0.7348571428571429,13.196285714285716,0.7062857142857142,1150285.714285714,2021,11
2021-03-22,3.148,,19.29342857142857,23.750571428571423,16.246857142857145,82.81885714285714,13.502571428571429,0.7234285714285715,0.7262857142857142,14.95285714285714,0.6274285714285714,1145000.0,2021,12
2021-03-29,4.268571428571429,,19.64485714285714,24.173142857142857,16.36714285714286,82.00285714285715,13.66142857142857,0.7345714285714287,0.7362857142857143,14.456857142857142,0.7311428571428571,1158857.142857143,2021,13
2021-04-05,5.556,,20.180857142857143,25.07657142857143,16.692857142857143,82.10714285714286,14.140571428571429,0.7417142857142858,0.7434285714285714,15.099428571428572,0.9014285714285716,1138571.428571429,2021,14
2021-04-12,3.5051428571428573,,19.79057142857143,24.676285714285715,16.125714285714285,81.69742857142857,13.698,0.734,0.7397142857142857,15.562571428571427,0.8722857142857144,1165428.571428571,2021,15
2021-04-19,11.28657142857143,,19.666571428571427,24.319142857142857,16.307142857142857,84.24314285714286,14.086000000000002,0.7714285714285715,0.7634285714285715,14.922285714285715,0.8928571428571429,1191285.714285714,2021,16
2021-04-26,6.265142857142857,,19.65,24.326,16.026857142857143,83.09857142857143,13.912857142857144,0.7862857142857143,0.7874285714285715,16.879714285714286,0.7677142857142857,1229142.857142857,2021,17
2021-05-03,3.791142857142858,,18.834857142857143,22.474285714285717,16.068571428571428,85.45400000000001,13.656857142857143,0.7734285714285715,0.78,13.84542857142857,0.7474285714285714,1322285.714285714,2021,18
2021-05-10,0.8574285714285714,,19.336857142857145,24.094857142857144,15.86142857142857,82.14657142857143,13.390857142857143,0.7465714285714287,0.7605714285714286,16.615428571428573,0.7577142857142858,1394142.857142857,2021,19
2021-05-17,0.9177142857142858,,20.385714285714283,25.741714285714284,16.225142857142856,79.44285714285715,13.735142857142858,0.72,0.734,16.02914285714286,1.0117142857142858,1345857.142857143,2021,20
2021-05-24,3.9722857142857135,,20.546857142857142,25.63314285714285,16.630000000000003,79.7522857142857,13.928857142857144,0.7108571428571429,0.7205714285714285,16.163714285714285,0.9277142857142856,1377571.428571429,2021,21
2021-05-31,6.619714285714286,,19.98542857142857,24.752,16.425428571428572,82.49142857142857,13.952285714285711,0.734,0.7354285714285714,15.054000000000002,0.9048571428571428,1433285.714285714,2021,22
2021-06-07,5.052857142857143,,19.708857142857145,24.236571428571427,16.193142857142856,82.72514285714286,13.825142857142856,0.7291428571428571,0.736,16.188285714285715,0.8405714285714285,1435000.0,2021,23
2021-06-14,6.530571428571429,,19.12342857142857,23.547142857142852,15.906285714285712,83.80685714285714,13.521142857142856,0.7362857142857143,0.7405714285714285,13.342571428571429,0.7817142857142857,1406714.285714286,2021,24
2021-06-21,10.720285714285716,,18.66942857142857,23.37914285714286,15.164285714285716,84.75885714285715,13.29885714285714,0.7808571428571429,0.7782857142857142,15.551142857142857,0.9382857142857144,1398142.857142857,2021,25
2021-06-28,3.809428571428572,,18.813714285714287,23.890571428571427,14.700857142857142,82.05742857142857,12.947142857142856,0.7657142857142858,0.7768571428571429,15.999142857142855,0.8582857142857143,1431428.571428571,2021,26
2021-07-05,1.3254285714285714,,18.607714285714287,23.92685714285714,14.55457142857143,79.79171428571428,12.321428571428571,0.7382857142857142,0.7534285714285714,16.74542857142857,1.106,1435142.857142857,2021,27
2021-07-12,0.7568571428571429,,19.386000000000003,24.969428571428573,14.837142857142856,78.18342857142856,12.637428571428572,0.7097142857142857,0.7262857142857142,15.701714285714283,1.014,1417714.285714286,2021,28
2021-07-19,2.519428571428571,,19.850857142857144,25.502857142857145,15.471142857142857,77.78114285714285,12.894285714285717,0.6971428571428572,0.708,15.72,1.0194285714285714,1478000.0,2021,29
2021-07-26,2.6734285714285715,,19.532571428571423,24.79742857142857,15.568285714285713,79.20428571428572,12.93657142857143,0.7014285714285714,0.7088571428571429,14.338,1.1137142857142857,1680428.571428571,2021,30
2021-08-02,0.9785714285714284,,19.83942857142857,25.416,15.526285714285716,77.47342857142857,12.848857142857142,0.6848571428571428,0.6954285714285715,16.408571428571427,1.0077142857142856,1778000.0,2021,31
2021-08-09,0.7325714285714285,,19.254571428571428,24.924285714285716,14.881428571428572,74.45,11.857714285714286,0.6668571428571428,0.6785714285714286,16.25,1.168,1677857.142857143,2021,32
2021-08-16,3.6317142857142857,,19.72942857142857,25.336857142857145,15.643714285714289,77.95599999999999,12.809142857142856,0.6728571428571428,0.6737142857142857,15.846285714285717,0.952,1723714.285714286,2021,33
2021-08-23,3.3488571428571428,,19.743142857142857,25.015142857142852,15.887428571428572,80.28628571428571,13.34714285714286,0.6817142857142857,0.6802857142857143,15.41457142857143,0.842,1680142.857142857,2021,34
2021-08-30,1.7448571428571429,,20.02342857142857,25.19742857142857,16.263142857142856,79.73371428571429,13.521428571428572,0.6762857142857144,0.6791428571428572,16.027714285714286,0.8517142857142858,1722142.857142857,2021,35
2021-09-06,2.890571428571428,,20.012571428571427,25.357714285714287,15.954,77.84885714285714,13.104857142857142,0.6614285714285714,0.6628571428571429,16.836857142857145,0.9028571428571428,1740142.857142857,2021,36
2021-09-13,2.994285714285714,,19.90142857142857,25.37,15.80285714285714,77.84599999999999,12.981142857142856,0.6691428571428572,0.6662857142857143,15.329714285714283,0.9222857142857144,1704500.0,2021,37
2021-09-20,1.335714285714286,,19.986,26.19142857142857,15.128285714285717,74.05714285714285,12.338285714285714,0.6537142857142857,0.6557142857142857,19.872285714285717,0.9608571428571429,1685714.285714286,2021,38
2021-09-27,4.945142857142857,,19.579714285714285,25.53685714285714,15.126285714285718,77.53685714285714,12.672,0.6685714285714286,0.6574285714285714,16.746000000000002,1.0751428571428572,1710000.0,2021,39
2021-10-04,1.5731428571428572,,20.033142857142856,25.51285714285714,15.80857142857143,77.82714285714286,13.136285714285714,0.6488571428571429,0.6494285714285715,17.432,0.8205714285714286,1775142.857142857,2021,40
2021-10-11,5.41,,20.418,25.66942857142857,16.62085714285714,80.90085714285715,14.046,0.6608571428571428,0.6462857142857142,16.158285714285714,0.8640000000000001,1752857.142857143,2021,41
2021-10-18,1.5257142857142856,,20.126285714285714,25.104857142857146,16.64542857142857,82.26828571428571,14.105714285714283,0.667142857142857,0.6577142857142857,16.740000000000002,0.8317142857142859,1805857.142857143,2021,42
2021-10-25,2.2551428571428573,,19.990571428571428,24.984,16.328,80.48314285714285,13.600285714285713,0.6508571428571429,0.6437142857142858,16.74742857142857,0.798,1779857.142857143,2021,43
2021-11-01,4.293142857142857,,19.382285714285715,23.66485714285714,16.49742857142857,85.45828571428572,14.057999999999998,0.6828571428571429,0.6645714285714286,15.419428571428572,0.8214285714285715,1792571.428571429,2021,44
2021-11-08,1.852285714285714,,19.922285714285717,24.993428571428574,16.352857142857143,81.51685714285715,13.752571428571429,0.664,0.6548571428571428,16.993142857142857,0.8388571428571427,1853857.142857143,2021,45
2021-11-15,1.7374285714285715,,19.615142857142857,24.024571428571427,16.397142857142857,82.55428571428573,13.731714285714286,0.6585714285714286,0.6497142857142857,14.625428571428571,0.8114285714285714,1905428.571428571,2021,46
2021-11-22,4.485142857142857,,19.544857142857143,24.077714285714286,16.39685714285714,83.63028571428572,13.861428571428572,0.6639999999999999,0.6488571428571428,15.609428571428571,0.8854285714285715,2054285.714285714,2021,47
2021-11-29,4.341142857142858,,18.980285714285717,23.218285714285717,16.062,86.15228571428571,13.862857142857145,0.6997142857142857,0.6774285714285714,14.844857142857142,0.7205714285714285,2174833.333333333,2021,48
2021-12-06,4.894857142857143,,19.519714285714286,24.05342857142857,16.284,85.20028571428571,14.152571428571427,0.7037142857142857,0.6802857142857143,15.550857142857144,0.7719999999999999,2144285.714285714,2021,49
2021-12-13,4.580571428571429,,20.021142857142856,24.692857142857143,16.796857142857142,84.37885714285714,14.437714285714287,0.6897142857142857,0.6714285714285714,13.498,0.8811428571428571,2119571.428571429,2021,50
2021-12-20,3.285142857142857,,19.53428571428572,24.055142857142854,16.334285714285716,84.41342857142857,13.997714285714286,0.6905714285714286,0.6785714285714286,14.502285714285714,0.8825714285714286,2130285.714285714,2021,51
2021-12-27,2.722857142857143,,19.696571428571428,24.24542857142857,16.478857142857144,85.35142857142857,14.317714285714285,0.6911428571428571,0.6808571428571428,15.436285714285711,0.8145714285714286,2092428.571428571,2021,52
2022-01-03,5.210571428571429,,19.39942857142857,23.92,16.413142857142855,85.56228571428571,14.113714285714286,0.7051428571428572,0.6842857142857143,15.063142857142855,0.7737142857142857,2092142.857142857,2022,1
2022-01-10,3.393428571428572,,19.09714285714286,24.02142857142857,15.545714285714286,82.74685714285714,13.33257142857143,0.7062857142857143,0.6897142857142857,15.609428571428571,0.8508571428571429,2147857.142857143,2022,2
2022-01-17,3.5245714285714285,,18.912857142857145,23.598000000000003,15.618,84.15828571428571,13.402285714285714,0.7051428571428572,0.6877142857142857,13.890285714285715,0.8260000000000002,2164571.428571429,2022,3
2022-01-24,0.7402857142857143,,20.130857142857145,25.365142857142857,16.216857142857144,79.90657142857143,13.631142857142857,0.6731428571428572,0.6679999999999999,15.450285714285716,0.8308571428571427,2172500.0,2022,4
2022-01-31,4.161428571428571,,19.424,24.26457142857143,15.987428571428572,82.95342857142857,13.611142857142855,0.6851428571428572,0.6705714285714286,15.774571428571427,0.8882857142857142,2130142.857142857,2022,5
2022-02-07,2.967714285714286,,19.69542857142857,24.872,15.954285714285714,80.48742857142858,13.340285714285717,0.6691428571428572,0.6597142857142857,15.673142857142858,0.8494285714285713,2165142.857142857,2022,6
2022-02-14,6.082857142857143,,19.146,23.584857142857143,16.071142857142856,85.46885714285715,13.881714285714288,0.7177142857142857,0.6942857142857143,13.526285714285716,0.7645714285714286,2254142.857142857,2022,7
2022-02-21,6.136857142857143,,19.55057142857143,24.256857142857143,16.338857142857144,83.92514285714284,13.91485714285714,0.7111428571428572,0.6888571428571428,13.685714285714289,0.7939999999999999,2245857.142857143,2022,8
2022-02-28,6.210285714285715,,19.42428571428572,24.106,16.222,84.12342857142858,13.834285714285713,0.7297142857142858,0.708,14.027142857142858,0.7834285714285715,2183333.333333333,2022,9
2022-03-07,12.794285714285715,,18.82285714285714,22.776285714285716,16.126285714285714,87.95914285714287,14.068,0.7894285714285714,0.7551428571428571,13.17457142857143,0.7971428571428572,2040714.285714286,2022,10
2022-03-14,3.545428571428572,,19.206,24.013714285714286,15.697714285714287,83.24600000000001,13.540857142857144,0.7854285714285714,0.7734285714285714,17.121714285714283,0.7885714285714286,2003000.0,2022,11
2022-03-21,6.529714285714286,,19.38657142857143,23.906,16.33142857142857,85.81914285714285,14.16657142857143,0.7928571428571429,0.7774285714285714,15.736857142857144,0.7382857142857142,1959285.714285714,2022,12
2022-03-28,6.4002857142857135,,19.63171428571429,23.962,16.698857142857143,86.95485714285715,14.622,0.801142857142857,0.7868571428571428,13.390285714285714,0.7748571428571429,1990571.428571429,2022,13
2022-04-04,7.232000000000001,,19.371714285714283,23.833142857142857,16.229142857142858,85.97228571428572,14.200857142857142,0.8145714285714286,0.8042857142857143,14.761714285714286,0.7977142857142857,1981285.714285714,2022,14
2022-04-11,13.295142857142858,,19.578857142857142,24.078857142857142,16.377714285714283,87.04314285714285,14.606285714285717,0.8514285714285714,0.8445714285714286,15.722,0.8434285714285714,2027000.0,2022,15
2022-04-18,4.251428571428572,,19.686857142857143,23.904000000000003,16.525714285714287,85.97657142857142,14.53257142857143,0.834,0.8402857142857142,14.382285714285716,0.8722857142857144,2002333.333333333,2022,16
2022-04-25,11.49942857142857,,18.522,22.715142857142855,15.399142857142856,86.65685714285715,13.585714285714284,0.8625714285714287,0.8668571428571429,14.057714285714288,0.8560000000000001,2020714.285714286,2022,17
2022-05-02,5.298285714285714,,19.048857142857145,23.480285714285717,15.826285714285714,86.52228571428572,14.041714285714288,0.8617142857142858,0.8788571428571428,14.858571428571429,0.8891428571428571,2070428.571428571,2022,18
2022-05-09,5.776,,19.558,24.186285714285717,16.104571428571425,85.90285714285714,14.354571428571427,0.8482857142857142,0.8611428571428572,15.849714285714285,0.9017142857142858,2083000.0,2022,19
2022-05-16,8.884571428571428,,19.37514285714285,23.48228571428572,16.25542857142857,87.72485714285713,14.580571428571428,0.8668571428571429,0.8800000000000001,15.225142857142856,0.8139999999999998,2088142.857142857,2022,20
2022-05-23,7.691428571428571,,19.126,23.453142857142858,15.87885714285714,87.27914285714286,14.22342857142857,0.8745714285714286,0.8937142857142856,13.93285714285714,0.8459999999999999,2111285.714285714,2022,21
2022-05-30,2.9228571428571426,,18.719142857142856,22.85542857142857,15.480857142857143,86.16171428571428,13.720571428571429,0.8574285714285714,0.8782857142857143,14.70314285714286,0.9228571428571428,2107857.142857143,2022,22
2022-06-06,8.634285714285713,,18.547714285714285,22.485714285714288,15.745142857142856,88.65114285714286,13.987142857142857,0.8605714285714287,0.8734285714285714,13.345714285714283,0.7819999999999999,2123000.0,2022,23
2022-06-13,5.708285714285714,,18.466285714285718,22.19371428571429,15.591714285714286,88.55514285714285,13.887428571428572,0.8691428571428572,0.8877142857142857,13.889428571428573,0.8088571428571427,2146571.428571429,2022,24
2022-06-20,7.788285714285715,,18.40571428571429,22.53857142857143,15.16,87.78914285714286,13.720285714285714,0.8674285714285714,0.884,14.071428571428571,0.872857142857143,2144714.285714286,2022,25
2022-06-27,4.072857142857143,,18.407714285714285,22.708,15.008,86.71771428571428,13.544,0.8614285714285714,0.8800000000000001,13.859714285714285,0.933142857142857,2226857.142857143,2022,26
2022-07-04,4.674285714285714,,18.61257142857143,23.020857142857142,15.107142857142856,86.27142857142857,13.633714285714284,0.8528571428571429,0.8697142857142858,15.29,0.8939999999999999,2246285.714285714,2022,27
2022-07-11,2.3482857142857143,,19.065142857142856,23.702571428571428,15.36057142857143,84.76514285714286,13.733428571428572,0.8311428571428572,0.8425714285714285,14.912285714285712,0.9745714285714284,2316571.428571429,2022,28
2022-07-18,3.954285714285714,,19.024571428571427,23.456285714285716,15.55285714285714,85.77085714285714,13.886285714285714,0.8288571428571428,0.8334285714285714,15.595428571428574,0.8205714285714286,2195714.285714286,2022,29
2022-07-25,6.1254285714285714,,18.576,23.166857142857147,14.909428571428572,84.39542857142857,13.272857142857143,0.8208571428571428,0.8194285714285714,14.51,0.9708571428571428,2227857.142857143,2022,30
2022-08-01,10.591142857142858,,18.59314285714286,23.13828571428571,15.123714285714286,86.34942857142858,13.608,0.8508571428571429,0.8539999999999999,15.575142857142856,0.8388571428571427,2252571.428571429,2022,31
2022-08-08,6.694,,18.782,23.305142857142854,15.313999999999998,85.70257142857142,13.669999999999998,0.85,0.8585714285714285,15.042285714285716,0.8662857142857142,2199428.571428571,2022,32
2022-08-15,4.316,,18.842285714285715,23.56657142857143,15.122285714285717,84.09571428571428,13.447714285714287,0.8300000000000001,0.8394285714285713,15.913428571428572,0.9305714285714286,2234571.428571429,2022,33
2022-08-22,1.9465714285714284,,19.142000000000003,24.216571428571427,15.114285714285714,82.59257142857143,13.391714285714285,0.8140000000000001,0.8217142857142857,17.205714285714286,0.9174285714285716,2269000.0,2022,34
2022-08-29,1.4768571428571429,,18.561714285714288,23.765714285714285,14.411142857142858,81.34057142857144,12.689714285714285,0.788,0.7902857142857143,16.29657142857143,0.9805714285714286,2482285.714285714,2022,35
2022-09-05,3.685428571428572,,18.981428571428573,24.12457142857143,15.172,83.00285714285715,13.326285714285714,0.7805714285714286,0.774,15.167714285714286,0.9662857142857144,2491285.714285714,2022,36
2022-09-12,1.4508571428571428,,19.279714285714284,24.568571428571428,15.092000000000002,80.87771428571429,13.197142857142856,0.7591428571428571,0.7571428571428571,15.94457142857143,0.942,2420571.428571429,2022,37
2022-09-19,5.735142857142857,,19.30314285714286,24.240285714285715,15.596857142857145,83.17428571428573,13.599714285714285,0.7677142857142857,0.756,16.94,0.853142857142857,2336714.285714286,2022,38
2022-09-26,9.49457142857143,,18.937142857142856,23.57914285714286,15.692000000000002,84.75942857142857,13.590857142857145,0.801142857142857,0.7859999999999999,17.447142857142858,0.7808571428571428,2368714.285714286,2022,39
2022-10-03,3.520857142857144,,19.116,23.916857142857147,15.470285714285714,82.57228571428571,13.349714285714288,0.7845714285714285,0.7785714285714286,17.012571428571427,0.934,2429000.0,2022,40
2022-10-10,10.16457142857143,,18.85714285714285,23.54657142857143,15.44942857142857,85.33885714285714,13.658857142857144,0.812,0.796,16.603142857142856,0.8342857142857143,2395000.0,2022,41
2022-10-17,3.357428571428572,,19.008000000000003,23.363714285714288,15.759142857142855,86.03857142857143,13.888,0.8025714285714287,0.7994285714285714,16.328,0.8648571428571428,2297000.0,2022,42
2022-10-24,14.146285714285714,,18.848571428571425,22.525714285714287,16.444,89.3682857142857,14.349142857142857,0.8494285714285714,0.8411428571428571,14.367714285714284,0.7722857142857142,2256285.714285714,2022,43
2022-10-31,8.739714285714285,,18.87742857142857,22.964,16.022285714285715,88.56057142857142,14.22514285714286,0.8668571428571429,0.8737142857142857,15.227142857142857,0.8557142857142856,2135142.857142857,2022,44
2022-11-07,3.532857142857143,,18.780285714285714,23.036571428571428,15.667142857142858,87.14942857142857,13.900571428571428,0.8465714285714286,0.8602857142857143,15.421142857142858,0.9228571428571428,2135285.714285714,2022,45
2022-11-14,12.122285714285717,,18.59457142857143,22.562571428571427,15.830000000000002,89.07485714285716,14.077428571428571,0.8754285714285714,0.8817142857142857,14.836285714285712,0.7574285714285713,1979714.285714286,2022,46
2022-11-21,5.580857142857143,,19.024285714285718,22.84542857142857,16.27657142857143,88.69171428571428,14.402285714285714,0.8685714285714285,0.8831428571428571,14.621142857142855,0.7525714285714286,1917571.428571429,2022,47
2022-11-28,4.773428571428572,,18.762857142857143,22.815142857142856,16.105428571428572,88.80485714285714,14.190285714285716,0.8634285714285713,0.8768571428571429,14.446571428571428,0.7828571428571428,1958428.571428571,2022,48
2022-12-05,5.693428571428571,,18.196571428571428,22.340857142857143,15.306857142857144,88.54057142857143,13.635142857142858,0.8668571428571429,0.8802857142857142,14.324571428571428,0.9414285714285716,1930285.714285714,2022,49
2022-12-12,3.393714285714286,,18.22457142857143,22.556,15.104571428571427,87.53142857142856,13.491428571428573,0.856857142857143,0.8714285714285713,14.063142857142855,0.7628571428571428,1887000.0,2022,50
2022-12-19,1.934,,18.64542857142857,22.950285714285712,15.489428571428572,86.97457142857142,13.785714285714286,0.8402857142857144,0.8525714285714286,15.717142857142855,0.744,1943285.714285714,2022,51
2022-12-26,2.310857142857143,,18.799714285714288,23.566285714285712,15.178285714285716,85.11371428571428,13.571142857142856,0.8217142857142857,0.8268571428571428,16.892857142857146,0.7722857142857142,1954000.0,2022,52
2023-01-02,3.840571428571428,,18.518571428571427,23.08,15.142857142857144,85.88371428571429,13.454285714285714,0.8251428571428573,0.8251428571428571,15.406571428571429,0.7454285714285713,1971000.0,2023,1
2023-01-09,5.932857142857143,,18.109714285714286,22.237428571428573,15.181714285714287,87.42142857142858,13.345714285714283,0.8285714285714285,0.8219999999999998,13.30857142857143,0.7611428571428571,1927285.714285714,2023,2
2023-01-16,12.059428571428572,,18.050857142857144,22.116,15.147428571428572,87.936,13.401142857142858,0.8628571428571428,0.8605714285714285,14.136285714285714,0.7205714285714286,1769000.0,2023,3
2023-01-23,6.596571428571428,,18.009428571428572,22.039142857142856,15.15,87.88914285714286,13.377142857142855,0.8682857142857143,0.8779999999999999,13.974285714285712,0.7182857142857142,1764714.285714286,2023,4
2023-01-30,0.4754285714285714,,18.688285714285715,24.065142857142856,14.443142857142856,81.97085714285716,12.897714285714288,0.8414285714285714,0.8562857142857142,19.42114285714286,0.8317142857142856,1833428.571428571,2023,5
2023-02-06,1.4202857142857144,,18.610857142857142,24.138285714285715,14.226,81.91685714285714,12.824571428571428,0.8145714285714286,0.8185714285714285,18.670285714285715,0.8522857142857143,1966142.857142857,2023,6
2023-02-13,1.1517142857142857,,19.383714285714284,24.03971428571429,16.026,84.51885714285713,13.967714285714283,0.7911428571428571,0.7862857142857143,15.59,0.8271428571428572,2013285.714285714,2023,7
2023-02-20,4.134,,19.16742857142857,23.29885714285714,16.222857142857144,87.20285714285714,14.276,0.7928571428571429,0.7794285714285715,14.576,0.8037142857142857,2119714.285714286,2023,8
2023-02-27,2.761142857142857,,19.126285714285714,24.257142857142856,15.216,82.79371428571429,13.390571428571429,0.7888571428571428,0.7785714285714286,15.958285714285717,0.7502857142857142,2164857.142857143,2023,9
2023-03-06,3.400857142857143,,19.934571428571427,24.435714285714283,16.860285714285716,85.48085714285715,14.627142857142855,0.7662857142857142,0.7525714285714284,14.234857142857145,0.8928571428571429,2055000.0,2023,10
2023-03-13,13.078571428571427,,18.80857142857143,22.686285714285717,16.246000000000002,87.84400000000001,14.047142857142855,0.8214285714285715,0.7968571428571429,12.191714285714289,0.6751428571428572,1994285.714285714,2023,11
2023-03-20,9.992571428571429,,18.75771428571429,23.012,15.811142857142858,85.61514285714286,13.572571428571427,0.8591428571428572,0.8577142857142857,13.529142857142858,0.6531428571428572,2013714.285714286,2023,12
2023-03-27,2.953142857142857,,19.256,23.706,16.137428571428572,85.06514285714286,13.946571428571428,0.844,0.8542857142857143,14.190571428571428,0.7974285714285715,2008857.142857143,2023,13
2023-04-03,6.578,,19.19742857142857,23.34857142857143,16.092000000000002,86.98514285714286,14.257714285714286,0.852,0.8588571428571429,13.252,0.8317142857142856,1894000.0,2023,14
2023-04-10,6.050571428571429,,19.342285714285715,23.798857142857145,16.06742857142857,86.06,14.21657142857143,0.8531428571428572,0.8611428571428572,14.990285714285712,0.8294285714285714,1942857.142857143,2023,15
2023-04-17,5.484285714285714,,19.578857142857142,23.926571428571428,16.439714285714285,86.36457142857144,14.502857142857142,0.8417142857142856,0.8462857142857143,14.215428571428571,0.866,1976000.0,2023,16
2023-04-24,8.373428571428573,,19.34,23.580285714285715,16.136857142857146,86.08542857142858,14.188,0.8640000000000001,0.8728571428571428,14.236857142857144,0.7388571428571429,2030428.571428571,2023,17
2023-05-01,6.176,,19.404857142857143,23.998285714285718,16.02742857142857,86.17857142857143,14.266,0.8640000000000001,0.8788571428571428,15.04257142857143,0.77,1994000.0,2023,18
2023-05-08,0.6874285714285715,,20.16771428571429,25.181142857142856,16.172285714285714,83.49199999999999,14.479714285714286,0.8371428571428572,0.8502857142857143,18.55742857142857,1.018,1959571.428571429,2023,19
2023-05-15,3.756857142857143,,19.828857142857142,24.031714285714287,16.710857142857144,86.29371428571429,14.71342857142857,0.8245714285714285,0.8231428571428572,15.460857142857146,0.9551428571428572,1905714.285714286,2023,20
2023-05-22,5.356285714285714,,20.143714285714285,24.568571428571428,16.78,86.10742857142857,14.948857142857143,0.8262857142857142,0.8219999999999998,14.673142857142858,0.8614285714285715,1928428.571428571,2023,21
2023-05-29,8.773714285714286,,19.588285714285718,23.694,16.649142857142856,88.00771428571429,14.788,0.8502857142857143,0.8494285714285714,14.807714285714288,0.7762857142857144,1844857.142857143,2023,22
2023-06-05,5.598,,19.237428571428573,23.81342857142857,15.697714285714287,85.75314285714285,14.082,0.8505714285714285,0.8582857142857143,16.622857142857143,0.9662857142857142,1745285.714285714,2023,23
2023-06-12,3.8202857142857134,,19.377142857142857,24.045714285714286,15.757428571428571,85.76771428571428,14.196000000000002,0.8345714285714285,0.8385714285714286,15.573714285714283,0.9317142857142856,1681428.571428571,2023,24
2023-06-19,1.0871428571428572,,19.315428571428573,24.194857142857146,15.428857142857144,81.70085714285715,13.376285714285714,0.8094285714285714,0.8111428571428572,16.527428571428572,1.1871428571428573,1602285.714285714,2023,25
2023-06-26,4.192285714285714,,19.405428571428573,24.13942857142857,15.635142857142858,83.76714285714286,13.872285714285717,0.7931428571428571,0.7814285714285715,16.574857142857145,1.044857142857143,1489285.714285714,2023,26
2023-07-03,2.3697142857142857,,19.348857142857145,24.265714285714285,15.376,83.21057142857144,13.70742857142857,0.7854285714285714,0.7774285714285714,15.873714285714286,1.068857142857143,1390571.428571429,2023,27
2023-07-10,6.511142857142858,,19.49571428571429,23.702571428571428,16.207714285714285,86.31257142857143,14.380571428571429,0.7982857142857143,0.782,14.793428571428572,0.8694285714285714,1368571.428571429,2023,28
2023-07-17,2.665142857142857,,19.77914285714286,24.352,16.017142857142858,83.52542857142858,14.138857142857145,0.7771428571428571,0.7651428571428571,16.07971428571428,0.9742857142857144,1328857.142857143,2023,29
2023-07-24,1.3822857142857143,,19.57657142857143,24.525714285714287,15.641142857142857,79.72685714285714,13.20742857142857,0.7568571428571429,0.744,16.336285714285715,1.2854285714285714,1283142.857142857,2023,30
2023-07-31,3.8568571428571423,,19.946,24.557142857142857,16.47714285714286,83.85457142857142,14.309714285714284,0.7477142857142857,0.7294285714285714,16.133142857142857,0.9674285714285714,1283285.714285714,2023,31
2023-08-07,0.7734285714285715,,19.46342857142857,25.006857142857143,14.93057142857143,77.02485714285714,12.591142857142858,0.7148571428571429,0.7068571428571429,16.302285714285713,1.1665714285714288,1335857.142857143,2023,32
2023-08-14,2.671428571428572,,20.38342857142857,25.469142857142856,16.371142857142857,78.38714285714285,13.56457142857143,0.6911428571428571,0.6837142857142857,15.909142857142855,0.9902857142857142,1329142.857142857,2023,33
2023-08-21,5.662571428571429,,20.20742857142857,25.052285714285716,16.538,82.91600000000001,14.34,0.7011428571428572,0.6871428571428572,16.521428571428572,0.8202857142857143,1288428.571428571,2023,34
2023-08-28,5.289714285714286,,20.18942857142857,24.95057142857143,16.552857142857142,82.59771428571429,14.263714285714286,0.7288571428571429,0.7100000000000001,17.253714285714288,0.8459999999999999,1317571.428571429,2023,35
2023-09-04,2.6722857142857146,,20.688285714285715,25.92142857142857,16.43914285714286,77.98285714285714,13.762857142857143,0.6857142857142857,0.6802857142857143,19.816857142857145,0.9754285714285714,1313571.428571429,2023,36
2023-09-11,3.124857142857143,,20.675142857142852,25.816857142857145,16.75257142857143,79.43371428571427,14.036285714285714,0.6837142857142856,0.6762857142857143,17.175714285714285,0.9457142857142856,1278333.333333333,2023,37
2023-09-18,1.3345714285714283,,20.93142857142857,26.81771428571429,16.28742857142857,76.424,13.627428571428572,0.6614285714285715,0.6625714285714286,18.541714285714285,0.9574285714285716,1294125.0,2023,38
2023-09-25,1.793714285714286,,21.11,26.885714285714283,16.762857142857143,75.372,13.553999999999998,0.6417142857142857,0.6445714285714286,18.140571428571427,0.9834285714285714,1290571.428571429,2023,39
2023-10-02,3.2722857142857142,,21.337714285714284,26.801142857142857,17.238857142857142,78.53571428571429,14.40857142857143,0.6494285714285714,0.6434285714285715,17.339142857142857,0.9105714285714284,1270285.714285714,2023,40
2023-10-09,7.980571428571428,,20.646857142857144,25.236,17.368000000000002,83.39285714285714,14.821714285714284,0.6888571428571428,0.666,17.08142857142857,0.7768571428571429,1332428.571428571,2023,41
2023-10-16,4.743142857142858,,20.10542857142857,24.562,16.575428571428574,82.64885714285714,14.243142857142857,0.7025714285714286,0.6842857142857143,17.017714285714284,0.7994285714285714,1358857.142857143,2023,42
2023-10-23,2.3405714285714283,,20.185142857142857,24.797714285714285,16.577142857142857,82.00399999999999,14.165428571428572,0.6759999999999999,0.6688571428571428,15.602571428571428,0.8191428571428571,1438285.714285714,2023,43
2023-10-30,5.946,,19.615714285714283,24.057428571428574,16.490857142857145,84.99057142857143,14.248,0.7085714285714286,0.6868571428571428,14.411714285714286,0.8614285714285714,1405428.571428571,2023,44
2023-11-06,10.561714285714285,,19.152857142857144,22.951714285714285,16.499714285714287,87.92457142857143,14.382571428571428,0.758,0.72,14.116857142857146,0.6685714285714286,1382571.428571429,2023,45
2023-11-13,4.1085714285714285,,20.23742857142857,24.736857142857144,16.915714285714284,85.93314285714287,15.022571428571428,0.7585714285714286,0.7374285714285714,15.472,0.901142857142857,1423857.142857143,2023,46
2023-11-20,7.082857142857142,,20.030571428571427,24.39542857142857,16.705714285714286,85.23599999999999,14.695714285714285,0.7594285714285715,0.7348571428571429,15.916857142857143,0.8428571428571429,1404857.142857143,2023,47
2023-11-27,3.393142857142857,,19.736,24.083714285714287,16.562571428571427,85.07742857142857,14.353714285714286,0.76,0.7431428571428571,16.436,0.7662857142857143,1394666.666666667,2023,48
2023-12-04,0.6008571428571429,,20.312,25.158857142857144,16.408571428571427,81.772,14.261714285714286,0.7268571428571429,0.7171428571428572,17.190571428571428,0.9202857142857144,1447142.857142857,2023,49
2023-12-11,2.2205714285714286,,20.475142857142856,25.234857142857145,16.904571428571426,82.29485714285714,14.501428571428573,0.7031428571428572,0.6917142857142857,14.797142857142855,0.8874285714285716,1436285.714285714,2023,50
2023-12-18,6.893714285714286,,20.412285714285712,24.47342857142857,17.33257142857143,85.36771428571429,15.038571428571426,0.7214285714285714,0.7,14.03942857142857,0.754,1483000.0,2023,51
2023-12-25,4.370857142857143,,20.269714285714286,24.355714285714285,17.214285714285715,86.68371428571427,15.183142857142858,0.744,0.7248571428571429,14.356285714285711,0.792,1489000.0,2023,52
2024-01-01,5.834,,19.54,23.474857142857143,16.853428571428573,87.95085714285715,14.677142857142858,0.7594285714285715,0.7394285714285714,13.248,0.7422857142857142,1459714.285714286,2024,1
2024-01-08,0.2885714285714286,,20.58457142857143,25.975142857142863,16.57542857142857,81.00657142857143,14.27057142857143,0.7228571428571429,0.7194285714285714,19.109428571428573,0.7985714285714286,1417428.571428571,2024,2
2024-01-15,2.701428571428571,,20.77142857142857,26.024571428571427,16.852285714285717,79.95685714285715,14.196285714285713,0.7005714285714285,0.694,17.806285714285714,0.7934285714285714,1393857.142857143,2024,3
2024-01-22,1.0414285714285714,,21.47142857142857,27.032285714285717,16.86714285714286,75.256,13.812285714285716,0.6754285714285715,0.6774285714285714,17.73314285714286,0.9122857142857144,1400428.571428571,2024,4
2024-01-29,0.3277142857142857,,21.942285714285717,28.35857142857143,16.64685714285714,70.53628571428571,13.101142857142856,0.6437142857142858,0.6534285714285715,22.314,0.9311428571428572,1459000.0,2024,5
2024-02-05,7.205428571428572,,21.128857142857143,26.00171428571429,17.812857142857144,81.25371428571428,14.752857142857142,0.6677142857142857,0.6551428571428571,15.267714285714286,0.7754285714285715,1478571.428571429,2024,6
2024-02-12,3.8248571428571423,,20.944,26.062857142857144,17.240000000000002,81.20057142857142,14.611714285714283,0.694,0.6851428571428572,15.210571428571429,0.8620000000000001,1488000.0,2024,7
2024-02-19,2.240285714285714,,21.924857142857142,27.12657142857143,18.178857142857144,79.024,14.985714285714286,0.6682857142857144,0.6677142857142857,17.05457142857143,0.9325714285714286,1455285.714285714,2024,8
2024-02-26,2.379142857142857,,20.933714285714284,26.38428571428572,17.050857142857144,79.11228571428572,14.132857142857144,0.659142857142857,0.6594285714285715,17.63885714285714,1.0282857142857142,1433142.857142857,2024,9
2024-03-04,4.040285714285714,,20.859714285714283,26.03057142857143,17.047428571428572,80.00800000000001,14.204,0.6645714285714286,0.6588571428571429,15.246,0.796,1424571.428571429,2024,10
2024-03-11,2.3448571428571428,,21.84314285714286,27.242,18.02542857142857,78.7162857142857,14.82942857142857,0.6582857142857143,0.6597142857142857,14.894285714285717,0.8877142857142857,1443714.285714286,2024,11
2024-03-18,1.372,,22.61914285714285,28.400571428571425,18.467714285714287,75.99714285714286,14.918857142857144,0.6377142857142857,0.6462857142857142,15.207999999999998,1.0142857142857142,1423714.285714286,2024,12
2024-03-25,1.899714285714286,,21.721714285714285,26.854857142857146,18.172,79.13828571428571,14.806857142857144,0.636,0.6388571428571429,16.10657142857143,0.7854285714285714,1434428.571428571,2024,13
2024-04-01,4.657428571428572,,20.94857142857143,26.098857142857145,17.432285714285715,80.01285714285714,14.323428571428574,0.6479999999999999,0.6397142857142857,13.980285714285714,0.8448571428571429,1463000.0,2024,14
2024-04-08,7.644857142857143,,20.64342857142857,25.542,17.108857142857143,82.72942857142857,14.616,0.7037142857142857,0.6825714285714286,13.953714285714288,0.842,1519428.571428571,2024,15
2024-04-15,0.9234285714285716,,22.036571428571428,27.701714285714285,17.858285714285714,76.12857142857142,14.512857142857143,0.6548571428571429,0.6599999999999999,19.05,0.8674285714285714,1617285.714285714,2024,16
2024-04-22,9.591714285714286,,20.799142857142854,25.192,17.702857142857145,84.05685714285714,15.07,0.6965714285714286,0.6714285714285715,15.316857142857142,0.8237142857142856,1778142.857142857,2024,17
2024-04-29,9.540571428571427,,20.016,24.02542857142857,17.172571428571427,87.01,14.962857142857144,0.7457142857142858,0.718,14.674857142857144,0.688,1724285.714285714,2024,18
2024-05-06,9.608857142857143,,20.13342857142857,23.946,17.416571428571427,88.3577142857143,15.377714285714283,0.774,0.7494285714285714,14.410857142857145,0.7902857142857144,1599714.285714286,2024,19
2024-05-13,12.432571428571428,,20.26914285714286,24.276857142857143,17.344,88.49199999999999,15.549142857142858,0.8165714285714285,0.7954285714285715,15.017428571428573,0.8082857142857144,1518571.428571429,2024,20
2024-05-20,5.893142857142857,,20.448,24.606,17.332285714285714,87.02971428571428,15.429714285714288,0.8205714285714286,0.8157142857142856,15.209428571428573,0.9022857142857144,1532857.142857143,2024,21
2024-05-27,6.962857142857144,,20.38114285714285,24.302,17.411142857142856,87.62114285714286,15.496,0.8171428571428571,0.8099999999999999,14.764857142857142,0.8991428571428571,1657428.571428571,2024,22
2024-06-03,9.992285714285716,,20.12942857142857,24.639142857142858,16.672285714285714,86.46485714285714,15.0,0.8348571428571429,0.8317142857142856,16.603428571428573,1.0182857142857142,1729142.857142857,2024,23
2024-06-10,6.202571428571429,,19.64428571428571,23.852285714285717,16.622,87.82428571428572,14.81142857142857,0.830857142857143,0.8305714285714286,14.343714285714285,0.9888571428571428,1779428.571428571,2024,24
2024-06-17,11.79257142857143,,19.617714285714285,23.660285714285717,16.661714285714286,88.14885714285715,14.848571428571429,0.8471428571428572,0.8448571428571429,14.233714285714283,0.8962857142857142,1803571.428571429,2024,25
2024-06-24,8.424857142857142,,19.389714285714284,23.552285714285716,16.200285714285712,87.38542857142856,14.515142857142855,0.8611428571428572,0.8728571428571428,15.66485714285714,0.8382857142857143,1858285.714285714,2024,26
2024-07-01,10.971428571428572,,19.218285714285717,23.40542857142857,15.984,87.55514285714285,14.369714285714286,0.8734285714285714,0.8834285714285715,15.02,0.8448571428571429,1860285.714285714,2024,27
2024-07-08,9.617428571428572,,19.154571428571423,23.367714285714285,16.008285714285712,87.45085714285715,14.32342857142857,0.8757142857142857,0.8874285714285713,14.703142857142856,0.9545714285714286,1840857.142857143,2024,28
2024-07-15,3.2311428571428573,,19.36314285714285,23.910857142857143,15.79942857142857,84.80828571428572,14.027428571428572,0.8525714285714286,0.8697142857142858,17.216285714285714,1.066,1923285.714285714,2024,29
2024-07-22,1.5274285714285714,,19.087142857142855,24.155428571428573,15.140857142857143,83.16742857142857,13.460285714285714,0.824857142857143,0.8374285714285714,16.269714285714283,1.1677142857142857,1900857.142857143,2024,30
2024-07-29,2.4074285714285715,,19.633714285714284,24.52285714285714,15.903714285714283,84.55457142857144,14.18857142857143,0.8074285714285715,0.8085714285714285,14.871142857142855,1.0102857142857142,1853857.142857143,2024,31
2024-08-05,1.4957142857142858,,19.62371428571429,24.456857142857142,15.733142857142855,82.02142857142857,13.709714285714288,0.7802857142857144,0.7754285714285715,16.980571428571427,1.0097142857142856,1857285.714285714,2024,32
2024-08-12,5.5602857142857145,,19.571428571428573,24.208,15.997428571428571,84.92028571428571,14.184285714285716,0.7868571428571428,0.7768571428571429,15.376571428571427,0.8671428571428571,1914714.285714286,2024,33
2024-08-19,1.3611428571428572,,19.696,25.122571428571423,15.399714285714287,80.63371428571429,13.464285714285714,0.7637142857142856,0.762,17.59657142857143,1.0605714285714285,1912142.857142857,2024,34
2024-08-26,2.384857142857143,,20.286571428571428,25.408571428571427,16.432285714285715,82.36085714285714,14.318285714285713,0.7394285714285715,0.7297142857142858,16.63857142857143,0.9774285714285714,1971714.285714286,2024,35
2024-09-02,1.7120000000000002,,19.826857142857143,25.678285714285717,15.246857142857143,77.06885714285714,12.874,0.7174285714285714,0.712,19.12342857142857,1.0705714285714287,2029857.142857143,2024,36
2024-09-09,2.180285714285714,,20.39857142857143,26.10571428571428,15.990571428571428,78.5382857142857,13.644571428571428,0.7074285714285714,0.7014285714285714,16.669428571428575,1.0165714285714285,1989857.142857143,2024,37
2024-09-16,0.9282857142857144,,21.113714285714288,26.62828571428572,16.690285714285714,77.68085714285715,14.096,0.6825714285714286,0.6779999999999999,19.15342857142857,0.9651428571428572,2117857.142857143,2024,38
2024-09-23,3.622857142857143,,21.027142857142856,26.222571428571428,17.11828571428571,78.62914285714285,14.200857142857142,0.6759999999999999,0.6642857142857143,17.607142857142854,1.04,2133000.0,2024,39
2024-09-30,4.837714285714286,,19.78514285714285,24.305714285714284,16.382285714285715,82.50457142857142,13.851714285714284,0.694,0.6765714285714285,16.967142857142857,0.8099999999999999,2233714.285714286,2024,40
2024-10-07,6.153428571428572,,19.92371428571429,24.853714285714283,16.457714285714285,83.224,14.119714285714286,0.7074285714285715,0.6874285714285714,17.32742857142857,0.8240000000000001,2169714.285714286,2024,41
2024-10-14,6.372857142857144,,19.768571428571427,24.413714285714285,16.479142857142858,83.85971428571429,14.117142857142856,0.7448571428571429,0.7211428571428572,16.74885714285714,0.8657142857142859,2120714.285714286,2024,42
2024-10-21,3.0700000000000003,,20.14857142857143,24.96314285714286,16.437714285714286,81.62857142857142,14.06657142857143,0.7057142857142857,0.6925714285714286,18.987428571428573,0.8879999999999999,2215285.714285714,2024,43
2024-10-28,5.895428571428571,,20.435714285714287,25.088,17.03857142857143,84.492,14.860285714285714,0.7311428571428571,0.7140000000000001,16.76,0.8351428571428571,2177428.571428571,2024,44
2024-11-04,3.454857142857142,,19.91857142857143,24.406285714285715,16.713142857142856,83.90028571428572,14.293428571428572,0.72,0.7071428571428571,15.078857142857142,0.9262857142857144,2196428.571428571,2024,45
2024-11-11,5.968,,19.568,23.795142857142856,16.773714285714284,86.97257142857143,14.547714285714289,0.7357142857142857,0.7205714285714285,15.238,0.7868571428571428,2224571.428571429,2024,46
2024-11-18,5.272857142857143,,19.09257142857143,23.316000000000003,16.432285714285715,86.78685714285714,14.094857142857142,0.7514285714285714,0.7388571428571428,13.17085714285714,0.8722857142857144,2438857.142857143,2024,47
2024-11-25,8.14,,18.918285714285712,22.662571428571432,16.369999999999997,88.81314285714286,14.316857142857142,0.7908571428571429,0.7737142857142858,13.698,0.74,2580000.0,2024,48
2024-12-02,3.917714285714285,,19.827428571428573,24.43942857142857,16.32257142857143,85.16028571428572,14.485142857142856,0.7811428571428571,0.7722857142857142,16.122,0.824857142857143,2748714.285714286,2024,49
2024-12-09,4.478,,19.656,23.70657142857143,16.912285714285712,87.93828571428571,14.834571428571428,0.7848571428571429,0.7722857142857144,14.765714285714283,0.7668571428571428,2724857.142857143,2024,50
2024-12-16,1.962857142857143,,19.71228571428572,24.264,16.454285714285714,85.97999999999999,14.517714285714286,0.7605714285714285,0.752,13.827714285714285,0.9111428571428573,2747857.142857143,2024,51
2024-12-23,3.529428571428572,,19.792571428571428,24.166,16.71142857142857,86.25257142857143,14.629714285714286,0.7628571428571428,0.748,13.862285714285711,0.8411428571428571,2789571.428571429,2024,52
2024-12-30,10.479428571428572,,19.126285714285714,22.904,16.512571428571427,88.28114285714285,14.42085714285714,0.8045714285714286,0.782,13.060285714285715,0.7508571428571428,2798142.857142857,2025,1
2025-01-06,8.936,,18.748571428571427,22.737714285714283,15.992857142857144,87.86742857142858,14.01457142857143,0.8274285714285714,0.8145714285714286,13.223142857142856,0.7637142857142857,2739571.428571429,2025,2
2025-01-13,2.412571428571429,,19.477714285714285,23.954285714285717,16.314857142857143,86.24285714285715,14.358,0.8142857142857143,0.8154285714285715,16.09542857142857,0.7468571428571428,2674714.285714286,2025,3
2025-01-20,0.6402857142857143,,19.540285714285712,24.839428571428574,15.644285714285717,82.9302857142857,13.759714285714288,0.7814285714285714,0.778,19.88714285714285,0.93,2712142.857142857,2025,4
2025-01-27,0.9605714285714284,,19.36114285714286,24.693142857142856,15.323714285714289,81.04057142857144,13.246285714285714,0.7545714285714287,0.7442857142857143,18.080857142857145,0.8474285714285715,2770857.142857143,2025,5
2025-02-03,1.9774285714285715,,20.29942857142857,25.043142857142858,16.884285714285717,83.27171428571428,14.498285714285714,0.74,0.7271428571428571,15.960285714285714,0.8480000000000001,2931857.142857143,2025,6
2025-02-10,5.265428571428572,,19.37714285714286,23.248,16.72342857142857,87.93942857142856,14.572,0.7554285714285714,0.734,12.539428571428571,0.7557142857142858,3104000.0,2025,7
2025-02-17,10.334,,19.083428571428573,22.901714285714284,16.483714285714285,87.82514285714285,14.288857142857143,0.8028571428571428,0.7785714285714286,12.431714285714284,0.772,3282428.571428571,2025,8
2025-02-24,6.5525714285714285,,19.429142857142857,23.60457142857143,16.7,87.31857142857143,14.499714285714283,0.8128571428571428,0.8039999999999999,13.518571428571429,0.7891428571428571,3111714.285714286,2025,9
2025-03-03,8.147714285714285,,19.42142857142857,23.002857142857145,16.837142857142858,89.03200000000001,14.848,0.8320000000000001,0.8271428571428572,14.099714285714285,0.7594285714285716,2963571.428571429,2025,10
2025-03-10,8.127142857142857,,19.09971428571429,23.094857142857144,16.357714285714287,87.20371428571428,14.18857142857143,0.8537142857142858,0.8568571428571428,12.856285714285717,0.6808571428571429,3088000.428571429,2025,11
2025-03-17,11.356285714285717,,19.043714285714287,22.744857142857143,16.535714285714285,87.70742857142858,14.242857142857142,0.8702857142857143,0.8797142857142857,13.41,0.6631428571428571,3018571.428571429,2025,12
2025-03-24,7.546571428571428,,19.832285714285717,24.10228571428572,16.73542857142857,87.38085714285714,14.888,0.8859999999999999,0.9068571428571428,14.982857142857142,0.8365714285714285,3076714.285714286,2025,13
2025-03-31,8.061428571428573,,19.824,23.973142857142857,16.86114285714286,87.18571428571428,14.850857142857144,0.8768571428571429,0.8977142857142857,14.875142857142857,0.7539999999999999,3066571.428571429,2025,14
2025-04-07,11.346285714285717,,19.38428571428572,23.202857142857145,16.72714285714286,89.35828571428571,14.87,0.8965714285714286,0.917142857142857,14.157999999999998,0.8211428571428572,3023285.714285714,2025,15
2025-04-14,10.428857142857144,,19.510285714285715,23.178571428571427,16.792571428571428,88.56914285714285,14.82542857142857,0.9114285714285714,0.9351428571428572,16.264857142857142,0.7577142857142858,2858857.142857143,2025,16
2025-04-21,3.990857142857143,,20.13857142857143,24.542571428571428,16.859714285714283,86.25285714285715,15.0,0.8859999999999999,0.9145714285714286,16.362857142857145,0.9102857142857144,3042857.142857143,2025,17
2025-04-28,15.93342857142857,,19.468,23.188285714285715,16.76457142857143,88.66485714285714,14.821142857142856,0.9145714285714286,0.9374285714285714,14.415428571428572,0.7302857142857142,3162571.428571429,2025,18
2025-05-05,10.417714285714286,,19.233714285714285,23.073714285714285,16.43914285714286,88.6317142857143,14.625714285714285,0.9205714285714286,0.9448571428571428,14.222571428571428,0.8005714285714287,3176285.714285714,2025,19
2025-05-12,8.312571428571427,,19.002,23.18885714285714,15.80257142857143,86.86657142857143,14.071714285714284,0.9185714285714288,0.9462857142857144,15.237428571428572,0.9297142857142856,3191428.571428571,2025,20
2025-05-19,8.302,,19.24542857142857,22.94942857142857,16.577714285714286,89.12228571428571,14.712571428571428,0.9031428571428572,0.932,13.437428571428573,0.902,3011714.285714286,2025,21
2025-05-26,5.031428571428572,,19.490857142857145,23.670285714285715,16.381999999999998,87.45542857142857,14.631142857142857,0.9025714285714288,0.935142857142857,15.47342857142857,0.9568571428571429,2963000.0,2025,22
2025-06-02,4.421428571428572,,19.59114285714286,23.508000000000003,16.530571428571427,87.86542857142857,14.794857142857143,0.887142857142857,0.9148571428571428,14.288571428571426,0.95,2816000.0,2025,23
2025-06-09,12.967142857142855,,19.237142857142857,23.378571428571423,16.142000000000003,87.79485714285714,14.471714285714285,0.9102857142857144,0.936,15.103428571428571,0.9857142857142858,2837428.571428571,2025,24
2025-06-16,8.187999999999999,,18.999714285714287,22.75771428571429,16.270857142857142,89.34,14.501428571428573,0.9042857142857142,0.9297142857142856,14.669714285714289,0.8571428571428571,2882000.0,2025,25
2025-06-23,10.796285714285714,,19.20142857142857,23.13885714285714,16.042,88.18428571428572,14.501714285714286,0.9117142857142856,0.9377142857142856,15.32914285714286,0.9997142857142856,2616428.571428571,2025,26
2025-06-30,5.455428571428572,,19.08142857142857,23.267714285714284,15.812857142857144,86.93857142857142,14.149142857142856,0.906,0.9342857142857144,15.812857142857144,0.9265714285714284,2494714.285714286,2025,27
2025-07-07,2.603428571428572,,18.59857142857143,22.822857142857146,15.274571428571427,85.73142857142857,13.519142857142857,0.8800000000000001,0.9057142857142856,15.493714285714288,1.1245714285714286,2315428.571428571,2025,28
2025-07-14,2.514857142857143,,18.69371428571429,22.942,15.420857142857145,86.70428571428572,13.761714285714286,0.8605714285714285,0.8774285714285714,15.571428571428571,0.9594285714285714,2266285.714285714,2025,29
2025-07-21,1.3797142857142857,,18.980285714285717,23.650285714285715,15.0,82.944,13.379428571428573,0.8394285714285715,0.848857142857143,16.495714285714286,1.040857142857143,2421571.428571429,2025,30
2025-07-28,2.6262857142857143,,19.371428571428574,23.75257142857143,15.94457142857143,85.488,14.149714285714287,0.8202857142857143,0.8182857142857143,16.053428571428572,0.9262857142857144,2430571.428571429,2025,31
2025-08-04,1.8685714285714288,,19.48685714285714,24.448857142857143,15.575142857142856,82.85342857142857,13.743142857142857,0.8028571428571428,0.7991428571428572,16.39142857142857,1.0071428571428571,2411142.857142857,2025,32
2025-08-11,4.930000000000001,,18.790857142857146,23.160285714285717,15.55,84.45485714285715,13.423142857142858,0.796,0.7825714285714286,15.994857142857144,0.8542857142857143,2456000.0,2025,33
2025-08-18,4.018,,19.03542857142857,23.458,15.717428571428574,85.51514285714286,13.828857142857142,0.7988571428571428,0.7865714285714286,13.927333333333332,0.8742857142857143,2675714.285714286,2025,34
2025-08-25,3.207714285714286,,19.703714285714284,24.22571428571428,16.180857142857143,84.71085714285714,14.252857142857144,0.7905714285714286,0.7791428571428571,16.745142857142856,0.8665714285714285,2975000.0,2025,35
2025-09-01,2.4945714285714287,,19.528285714285715,24.345714285714287,15.740571428571428,81.74000000000001,13.533714285714286,0.7734285714285715,0.762,15.661142857142858,1.0231428571428571,3106285.714285714,2025,36
2025-09-08,3.817714285714286,,19.312857142857144,23.92142857142857,15.881714285714288,84.06657142857144,13.788,0.7651428571428571,0.7491428571428571,12.96914285714286,0.8965714285714285,3007857.142857143,2025,37
2025-09-15,1.1337142857142857,,19.85314285714286,25.12742857142857,15.80714285714286,80.77971428571428,13.600571428571428,0.7434285714285714,0.7348571428571429,16.561714285714288,1.0157142857142858,3058714.285714286,2025,38
2025-09-22,5.698857142857143,,19.350857142857144,23.85142857142857,15.865142857142851,83.54228571428571,13.721142857142857,0.7494285714285714,0.7297142857142858,14.148285714285716,0.8894285714285715,2965714.285714286,2025,39
2025-09-29,12.333714285714285,,19.714,24.543714285714287,16.118857142857145,82.76628571428571,13.892857142857142,0.7602857142857142,0.744,17.260285714285715,0.944,2855857.142857143,2025,40
2025-10-06,9.823714285714283,,18.827142857142857,23.014285714285712,15.956857142857142,86.60628571428572,13.82314285714286,0.7745714285714286,0.7468571428571428,15.321428571428571,0.6454285714285715,2928571.428571429,2025,41
2025-10-13,16.024285714285714,,18.503714285714288,22.362857142857145,16.06,88.19028571428571,13.842285714285714,0.7808571428571429,0.7454285714285714,13.471428571428572,0.5382857142857143,2884285.714285714,2025,42
2025-10-20,15.259142857142855,,18.68,22.90657142857143,15.843714285714288,87.36885714285714,13.841142857142856,0.7939999999999999,0.7597142857142858,15.593666666666667,0.5411428571428571,2994000.0,2025,43
2025-10-27,18.48257142857143,,19.02742857142857,22.803714285714285,16.611714285714285,88.35914285714287,14.34542857142857,0.8045714285714286,0.7671428571428571,15.29685714285714,0.5414285714285715,3055714.285714286,2025,44
2025-11-03,17.0108,,18.9936,22.7684,16.628800000000002,88.8452,14.3824,0.8192,0.7864,14.6484,0.528,2866857.142857143,2025,45
