-BEGIN HEADER-;;;
NASA/POWER Source Native Resolution Daily Data ;;;
Dates (month/day/year): 01/01/2021 through 10/31/2025 in LST;;;
Location: latitude  2.9495   longitude -76.6857 ;;;
elevation from MERRA-2: Average for 0.5 x 0.625 degree lat/lon region = 1163.41 meters;;;
The value for missing source data that cannot be computed or is outside of the sources availability range: -999 ;;;
parameter(s): ;;;
RH2M                  MERRA-2 Relative Humidity at 2 Meters (%) ;;;
QV2M                  MERRA-2 Specific Humidity at 2 Meters (g/kg) ;;;
Message(s): ;;;
The IMERG Source Data is not available at the Local Solar Time (LST) standard. ;;;
-END HEADER-;;;
YEAR;DOY;RH2M;QV2M
2021;1;92.82;15.26
2021;2;90.87;15.07
2021;3;90.08;14.8
2021;4;88.43;14.79
2021;5;90.25;14.76
2021;6;90.41;14.2
2021;7;87.13;14.4
2021;8;92.47;15.24
2021;9;87.52;14.08
2021;10;86.38;14.53
2021;11;85.31;14.66
2021;12;86.19;15.06
2021;13;85.94;15.52
2021;14;91.65;15.95
2021;15;90.41;15.13
2021;16;90.8;14.88
2021;17;85.29;14.46
2021;18;87.01;15.37
2021;19;87.03;15.57
2021;20;82.78;15.15
2021;21;85.09;15.08
2021;22;85.24;14.48
2021;23;87.92;15.21
2021;24;88.66;15.64
2021;25;85.42;15.31
2021;26;88.44;15.27
2021;27;89.44;15.63
2021;28;90.34;16.03
2021;29;88.53;15.91
2021;30;79.87;14.67
2021;31;80.18;14.88
2021;32;85.46;15.47
2021;33;84.97;15.67
2021;34;88.01;16.46
2021;35;89.58;15.93
2021;36;90.31;16.09
2021;37;86.06;15.66
2021;38;84.94;15.91
2021;39;88.12;16.05
2021;40;88.84;15.54
2021;41;88.44;15.72
2021;42;89.52;15.7
2021;43;89.42;15.54
2021;44;84.73;14.67
2021;45;84.11;14.38
2021;46;85.96;14.02
2021;47;85.58;14.84
2021;48;88.45;14.96
2021;49;86.97;15.01
2021;50;86.11;14.94
2021;51;82.63;14.52
2021;52;84.51;14.71
2021;53;86.87;14.66
2021;54;86.23;14.7
2021;55;83.75;15.57
2021;56;83.99;15.98
2021;57;87.4;15.85
2021;58;87.64;15.36
2021;59;91.2;15.97
2021;60;89.51;14.6
2021;61;84.8;14.55
2021;62;86.66;15.1
2021;63;85.21;15.12
2021;64;90.23;15.32
2021;65;85.12;15.22
2021;66;90.28;15.8
2021;67;88.28;15.08
2021;68;84.62;15.09
2021;69;88.78;14.6
2021;70;84.64;13.91
2021;71;82.37;13.37
2021;72;81.84;13.75
2021;73;85.99;14.92
2021;74;83.67;13.83
2021;75;82.09;14.42
2021;76;83.48;13.66
2021;77;81.98;13.31
2021;78;77.83;13.55
2021;79;83.6;14.68
2021;80;90.72;15.61
2021;81;84.78;14.46
2021;82;78.06;13.92
2021;83;86.61;15.03
2021;84;88.96;15.2
2021;85;87.47;14.74
2021;86;89.22;15.2
2021;87;85.34;15.14
2021;88;84.45;15.43
2021;89;82.34;15.34
2021;90;82.27;15.87
2021;91;88.46;15.99
2021;92;87.34;15.56
2021;93;86.26;15.47
2021;94;83.35;15.37
2021;95;83.0;15.29
2021;96;90.64;15.88
2021;97;81.23;14.57
2021;98;84.09;14.88
2021;99;83.65;14.94
2021;100;84.13;14.76
2021;101;84.93;14.94
2021;102;85.12;14.72
2021;103;79.97;14.68
2021;104;84.72;15.15
2021;105;85.57;15.22
2021;106;89.01;15.33
2021;107;86.72;14.83
2021;108;89.22;14.62
2021;109;85.58;14.23
2021;110;77.09;13.59
2021;111;81.36;14.38
2021;112;82.75;14.91
2021;113;86.84;15.29
2021;114;86.34;15.3
2021;115;87.93;15.48
2021;116;90.05;15.84
2021;117;92.93;15.41
2021;118;90.08;14.86
2021;119;87.63;14.16
2021;120;80.38;13.03
2021;121;80.74;13.57
2021;122;88.56;14.51
2021;123;79.02;13.29
2021;124;81.85;14.15
2021;125;88.73;14.82
2021;126;86.77;14.66
2021;127;83.47;14.66
2021;128;87.39;15.14
2021;129;83.42;14.77
2021;130;81.09;14.85
2021;131;81.83;14.73
2021;132;79.36;14.82
2021;133;81.57;15.57
2021;134;85.83;16.05
2021;135;82.15;15.35
2021;136;85.91;15.39
2021;137;84.92;15.12
2021;138;88.52;15.37
2021;139;82.88;15.25
2021;140;82.24;15.21
2021;141;82.98;15.67
2021;142;84.62;15.83
2021;143;83.25;15.55
2021;144;81.85;15.3
2021;145;82.09;15.1
2021;146;82.29;15.2
2021;147;83.8;15.42
2021;148;88.82;15.31
2021;149;86.57;14.77
2021;150;87.96;15.05
2021;151;89.27;15.4
2021;152;82.23;14.81
2021;153;85.73;15.58
2021;154;85.6;15.72
2021;155;82.37;15.07
2021;156;84.43;14.98
2021;157;89.83;15.41
2021;158;87.75;14.87
2021;159;87.12;14.59
2021;160;87.45;14.83
2021;161;83.13;14.09
2021;162;86.88;14.73
2021;163;90.32;15.49
2021;164;86.08;13.95
2021;165;85.33;14.4
2021;166;91.5;14.92
2021;167;82.93;14.31
2021;168;82.49;14.44
2021;169;79.76;13.96
2021;170;85.38;14.72
2021;171;84.43;14.87
2021;172;80.23;14.06
2021;173;83.8;14.28
2021;174;81.73;14.06
2021;175;84.06;14.08
2021;176;85.6;14.73
2021;177;88.77;15.03
2021;178;85.07;14.11
2021;179;83.57;14.46
2021;180;81.72;14.56
2021;181;80.78;14.02
2021;182;79.92;13.57
2021;183;78.73;13.43
2021;184;78.4;13.46
2021;185;74.99;12.67
2021;186;74.32;12.4
2021;187;77.38;13.61
2021;188;79.01;14.28
2021;189;83.48;15.06
2021;190;85.51;15.05
2021;191;82.27;14.41
2021;192;79.06;13.93
2021;193;80.18;14.07
2021;194;78.31;14.05
2021;195;80.3;14.48
2021;196;80.04;14.67
2021;197;83.15;14.88
2021;198;85.66;15.22
2021;199;83.17;14.9
2021;200;75.66;13.9
2021;201;75.18;13.63
2021;202;76.74;14.12
2021;203;77.98;14.71
2021;204;81.43;14.59
2021;205;85.42;14.68
2021;206;85.76;14.37
2021;207;83.04;14.1
2021;208;85.5;14.38
2021;209;80.01;14.24
2021;210;78.58;14.28
2021;211;80.29;14.48
2021;212;74.92;14.25
2021;213;77.03;14.25
2021;214;73.98;13.23
2021;215;70.53;12.36
2021;216;69.98;12.44
2021;217;72.41;12.54
2021;218;77.09;13.33
2021;219;79.12;13.74
2021;220;85.88;14.61
2021;221;87.92;15.01
2021;222;82.18;14.93
2021;223;76.63;13.63
2021;224;82.23;14.18
2021;225;80.27;14.0
2021;226;83.24;14.53
2021;227;87.75;14.97
2021;228;83.35;14.45
2021;229;83.41;14.5
2021;230;85.26;15.01
2021;231;88.99;15.0
2021;232;91.71;14.99
2021;233;80.78;14.27
2021;234;82.78;14.53
2021;235;88.15;15.02
2021;236;87.4;14.65
2021;237;84.59;14.74
2021;238;86.94;14.73
2021;239;84.07;14.48
2021;240;79.78;14.18
2021;241;81.89;14.38
2021;242;80.87;13.91
2021;243;85.67;14.53
2021;244;79.62;13.48
2021;245;79.33;13.94
2021;246;86.99;15.39
2021;247;86.61;15.19
2021;248;88.31;15.14
2021;249;87.25;14.54
2021;250;82.31;14.3
2021;251;86.0;14.85
2021;252;82.2;14.53
2021;253;78.24;14.19
2021;254;84.7;14.57
2021;255;79.69;13.89
2021;256;74.64;13.2
2021;257;85.46;14.8
2021;258;80.44;14.31
2021;259;74.24;13.38
2021;260;74.68;13.86
2021;261;77.38;14.0
2021;262;85.21;14.64
2021;263;79.65;14.25
2021;264;86.23;15.39
2021;265;79.88;14.27
2021;266;77.61;13.58
2021;267;75.94;13.62
2021;268;71.82;13.02
2021;269;76.52;13.97
2021;270;77.86;14.2
2021;271;84.67;15.04
2021;272;83.88;14.27
2021;273;85.85;13.97
2021;274;80.98;14.47
2021;275;84.83;15.08
2021;276;86.13;14.92
2021;277;84.22;15.2
2021;278;86.15;15.33
2021;279;81.72;15.02
2021;280;79.76;14.76
2021;281;81.19;14.78
2021;282;84.9;15.06
2021;283;89.48;15.28
2021;284;82.46;14.93
2021;285;83.49;15.15
2021;286;81.27;14.94
2021;287;87.95;15.47
2021;288;89.04;14.94
2021;289;82.12;14.51
2021;290;87.99;14.96
2021;291;83.38;14.69
2021;292;84.78;14.88
2021;293;82.67;14.42
2021;294;85.68;14.65
2021;295;90.04;14.91
2021;296;86.88;14.73
2021;297;86.62;14.91
2021;298;89.71;15.38
2021;299;84.3;14.51
2021;300;88.28;15.28
2021;301;82.13;14.84
2021;302;88.1;14.99
2021;303;88.48;14.77
2021;304;88.9;14.72
2021;305;86.62;14.66
2021;306;84.35;14.24
2021;307;83.85;14.56
2021;308;85.15;14.83
2021;309;90.32;15.13
2021;310;84.26;14.72
2021;311;83.18;14.46
2021;312;86.77;14.54
2021;313;90.12;14.45
2021;314;90.79;14.97
2021;315;87.77;14.79
2021;316;86.55;14.79
2021;317;86.16;14.65
2021;318;88.64;14.97
2021;319;90.38;15.01
2021;320;86.4;14.48
2021;321;87.7;14.87
2021;322;89.18;14.45
2021;323;86.1;14.16
2021;324;84.05;14.31
2021;325;86.52;14.68
2021;326;86.7;14.26
2021;327;87.21;14.09
2021;328;88.78;14.26
2021;329;91.69;14.64
2021;330;86.63;14.51
2021;331;87.26;14.64
2021;332;84.8;14.83
2021;333;90.33;15.23
2021;334;87.54;14.49
2021;335;85.47;14.69
2021;336;85.82;15.1
2021;337;86.29;15.21
2021;338;82.72;14.99
2021;339;84.73;15.24
2021;340;85.19;15.04
2021;341;79.46;14.92
2021;342;85.6;15.82
2021;343;88.93;15.96
2021;344;90.38;15.64
2021;345;90.37;14.84
2021;346;89.17;14.43
2021;347;86.88;14.19
2021;348;89.22;14.56
2021;349;89.0;14.74
2021;350;90.76;14.94
2021;351;88.15;14.6
2021;352;89.68;14.82
2021;353;89.37;14.78
2021;354;89.01;14.84
2021;355;90.64;14.86
2021;356;88.38;14.25
2021;357;85.96;14.8
2021;358;89.21;15.77
2021;359;86.9;15.24
2021;360;90.49;15.15
2021;361;86.31;15.04
2021;362;89.38;15.21
2021;363;86.84;15.11
2021;364;86.96;15.01
2021;365;85.97;15.17
2022;1;86.65;14.83
2022;2;82.99;14.19
2022;3;83.05;14.3
2022;4;87.52;15.14
2022;5;89.9;15.38
2022;6;85.26;14.45
2022;7;87.7;14.46
2022;8;83.05;14.05
2022;9;81.83;13.58
2022;10;90.27;14.09
2022;11;80.38;13.04
2022;12;81.91;12.77
2022;13;83.82;13.54
2022;14;86.89;14.56
2022;15;83.85;14.24
2022;16;84.8;14.55
2022;17;85.73;14.37
2022;18;85.0;14.85
2022;19;81.79;15.16
2022;20;77.46;14.69
2022;21;77.44;14.52
2022;22;85.45;15.24
2022;23;87.71;15.45
2022;24;89.58;15.69
2022;25;91.95;13.87
2022;26;82.4;13.59
2022;27;88.57;14.67
2022;28;88.44;14.18
2022;29;86.22;14.18
2022;30;85.16;14.09
2022;31;81.44;13.63
2022;32;83.68;14.21
2022;33;79.31;13.87
2022;34;82.9;14.45
2022;35;87.23;14.79
2022;36;87.45;14.77
2022;37;88.07;14.87
2022;38;84.31;13.76
2022;39;85.36;13.12
2022;40;85.0;13.61
2022;41;84.82;14.63
2022;42;91.99;15.45
2022;43;87.61;14.52
2022;44;86.51;14.36
2022;45;90.46;15.03
2022;46;85.87;14.95
2022;47;88.71;15.62
2022;48;86.54;15.09
2022;49;89.26;14.21
2022;50;86.54;14.26
2022;51;86.44;15.1
2022;52;85.81;15.14
2022;53;86.08;14.98
2022;54;84.72;14.57
2022;55;86.04;13.98
2022;56;85.83;14.11
2022;57;88.08;13.95
2022;58;90.09;14.07
2022;59;81.69;13.05
2022;60;81.49;14.13
2022;61;91.17;15.47
2022;62;89.7;14.63
2022;63;87.47;14.94
2022;64;88.38;14.88
2022;65;90.54;14.38
2022;66;81.18;14.01
2022;67;80.1;13.89
2022;68;84.11;14.81
2022;69;83.72;14.51
2022;70;81.31;13.54
2022;71;81.2;14.25
2022;72;85.91;15.27
2022;73;88.71;15.51
2022;74;80.91;13.81
2022;75;82.61;14.48
2022;76;84.32;13.74
2022;77;85.72;14.39
2022;78;85.54;14.58
2022;79;87.47;14.76
2022;80;88.98;15.21
2022;81;88.68;15.24
2022;82;83.78;14.86
2022;83;85.29;15.13
2022;84;86.45;14.92
2022;85;86.15;14.58
2022;86;88.07;14.92
2022;87;85.64;14.99
2022;88;84.85;15.0
2022;89;87.83;15.28
2022;90;87.69;14.91
2022;91;82.34;14.55
2022;92;83.46;14.81
2022;93;85.69;15.41
2022;94;90.68;15.96
2022;95;86.38;15.62
2022;96;82.03;15.19
2022;97;84.42;15.43
2022;98;88.5;15.35
2022;99;86.63;15.37
2022;100;85.96;15.51
2022;101;86.9;15.9
2022;102;84.69;15.93
2022;103;85.36;15.49
2022;104;84.67;15.43
2022;105;83.06;15.39
2022;106;86.41;15.6
2022;107;89.1;15.54
2022;108;90.93;15.4
2022;109;90.96;14.56
2022;110;85.39;13.85
2022;111;81.45;13.51
2022;112;79.41;12.62
2022;113;76.35;12.44
2022;114;87.83;14.98
2022;115;81.27;14.33
2022;116;83.2;15.06
2022;117;91.35;15.39
2022;118;92.88;15.57
2022;119;82.4;15.01
2022;120;79.8;14.47
2022;121;80.13;13.94
2022;122;83.99;14.97
2022;123;82.93;15.58
2022;124;79.66;14.71
2022;125;87.04;15.32
2022;126;89.65;15.45
2022;127;85.61;15.48
2022;128;79.3;15.06
2022;129;84.49;15.33
2022;130;90.67;15.59
2022;131;87.45;15.57
2022;132;85.69;15.78
2022;133;84.03;15.25
2022;134;85.26;15.3
2022;135;87.88;15.8
2022;136;84.85;15.55
2022;137;87.28;15.34
2022;138;85.75;14.82
2022;139;84.2;14.71
2022;140;88.04;15.12
2022;141;84.81;14.89
2022;142;81.66;14.67
2022;143;87.76;15.15
2022;144;90.11;15.55
2022;145;86.63;15.29
2022;146;80.36;14.41
2022;147;76.93;13.93
2022;148;81.63;13.69
2022;149;84.47;14.6
2022;150;87.95;15.04
2022;151;85.82;14.32
2022;152;89.23;14.49
2022;153;88.38;14.35
2022;154;90.76;14.57
2022;155;85.45;14.29
2022;156;88.01;14.99
2022;157;87.62;14.88
2022;158;90.08;14.51
2022;159;94.83;14.88
2022;160;90.56;14.52
2022;161;87.34;14.79
2022;162;90.75;15.03
2022;163;81.72;14.08
2022;164;88.15;14.78
2022;165;85.2;14.28
2022;166;87.11;14.67
2022;167;86.32;14.45
2022;168;91.91;14.85
2022;169;88.95;14.23
2022;170;83.75;14.52
2022;171;88.17;14.64
2022;172;82.6;14.12
2022;173;85.77;14.94
2022;174;85.29;15.07
2022;175;87.25;15.18
2022;176;81.56;13.77
2022;177;79.83;13.13
2022;178;80.62;13.28
2022;179;88.25;14.63
2022;180;86.42;14.56
2022;181;88.33;14.92
2022;182;85.27;14.82
2022;183;83.94;14.64
2022;184;82.61;14.8
2022;185;86.47;14.95
2022;186;84.02;14.05
2022;187;80.3;14.04
2022;188;79.71;14.3
2022;189;80.86;14.85
2022;190;81.64;14.98
2022;191;82.42;14.59
2022;192;84.46;14.43
2022;193;84.33;14.53
2022;194;81.9;14.29
2022;195;87.65;14.8
2022;196;89.07;14.91
2022;197;85.2;14.53
2022;198;81.88;14.5
2022;199;72.86;13.03
2022;200;77.04;13.93
2022;201;80.57;14.12
2022;202;79.27;13.74
2022;203;84.52;14.34
2022;204;86.52;14.14
2022;205;84.85;14.31
2022;206;87.68;14.92
2022;207;88.62;14.99
2022;208;84.84;14.19
2022;209;85.77;14.15
2022;210;76.45;13.56
2022;211;81.36;14.41
2022;212;86.31;15.15
2022;213;85.25;14.75
2022;214;85.39;14.68
2022;215;84.6;14.54
2022;216;84.74;14.64
2022;217;81.26;14.0
2022;218;81.58;14.1
2022;219;79.46;13.95
2022;220;81.44;14.68
2022;221;84.8;14.91
2022;222;80.39;13.98
2022;223;78.68;13.71
2022;224;80.82;13.86
2022;225;83.76;14.59
2022;226;85.23;14.86
2022;227;79.34;13.74
2022;228;77.99;14.04
2022;229;80.59;14.24
2022;230;82.99;14.56
2022;231;79.8;14.62
2022;232;79.22;14.07
2022;233;79.28;13.73
2022;234;74.29;12.8
2022;235;74.49;13.06
2022;236;72.71;12.87
2022;237;77.69;13.55
2022;238;82.41;14.47
2022;239;83.24;14.12
2022;240;79.54;13.6
2022;241;75.05;12.93
2022;242;79.19;13.86
2022;243;79.97;13.89
2022;244;82.0;14.49
2022;245;83.89;14.87
2022;246;81.45;14.78
2022;247;77.17;13.84
2022;248;75.31;13.48
2022;249;75.37;13.18
2022;250;75.99;13.14
2022;251;80.17;14.13
2022;252;79.41;14.06
2022;253;79.86;14.34
2022;254;81.38;14.36
2022;255;81.93;14.49
2022;256;86.11;14.79
2022;257;87.36;14.83
2022;258;81.67;14.51
2022;259;82.12;14.53
2022;260;81.36;14.09
2022;261;83.01;14.33
2022;262;84.38;14.28
2022;263;86.84;14.49
2022;264;89.07;14.65
2022;265;87.07;14.7
2022;266;85.76;15.08
2022;267;85.73;14.0
2022;268;81.11;14.27
2022;269;83.33;14.73
2022;270;80.47;14.31
2022;271;86.75;14.88
2022;272;85.51;14.64
2022;273;84.36;14.46
2022;274;78.56;13.67
2022;275;73.54;13.31
2022;276;77.31;13.88
2022;277;85.35;14.63
2022;278;86.37;14.26
2022;279;81.11;13.93
2022;280;86.53;14.96
2022;281;83.98;14.35
2022;282;80.72;13.86
2022;283;82.03;14.19
2022;284;81.46;14.36
2022;285;84.23;14.63
2022;286;90.45;14.4
2022;287;86.88;14.7
2022;288;88.99;14.49
2022;289;85.32;14.44
2022;290;88.65;14.74
2022;291;90.37;15.02
2022;292;88.49;14.53
2022;293;90.28;14.7
2022;294;90.37;14.95
2022;295;89.02;15.01
2022;296;86.67;14.8
2022;297;88.22;14.98
2022;298;90.35;14.82
2022;299;89.61;14.78
2022;300;89.88;15.02
2022;301;91.25;14.73
2022;302;90.2;15.15
2022;303;86.0;14.73
2022;304;87.99;15.14
2022;305;87.13;15.25
2022;306;84.1;15.1
2022;307;87.66;14.8
2022;308;89.63;14.3
2022;309;88.82;14.23
2022;310;84.79;14.2
2022;311;87.67;14.99
2022;312;86.06;14.59
2022;313;92.62;14.46
2022;314;87.64;14.12
2022;315;91.35;14.83
2022;316;92.66;14.38
2022;317;88.5;14.79
2022;318;87.87;14.74
2022;319;92.86;15.27
2022;320;87.34;15.04
2022;321;87.46;14.7
2022;322;87.19;14.59
2022;323;85.8;15.02
2022;324;88.26;14.81
2022;325;88.29;15.01
2022;326;86.14;14.29
2022;327;86.04;14.39
2022;328;83.44;14.11
2022;329;87.78;14.82
2022;330;91.47;14.66
2022;331;90.08;14.23
2022;332;89.22;14.24
2022;333;88.09;14.13
2022;334;87.09;14.2
2022;335;90.31;14.13
2022;336;87.49;14.09
2022;337;88.17;14.29
2022;338;91.24;14.25
2022;339;84.16;13.58
2022;340;86.26;13.91
2022;341;89.27;13.49
2022;342;85.56;13.7
2022;343;86.42;14.48
2022;344;85.68;14.3
2022;345;88.93;14.33
2022;346;89.84;14.31
2022;347;85.54;14.42
2022;348;83.85;14.34
2022;349;83.83;14.63
2022;350;86.45;14.98
2022;351;87.5;14.62
2022;352;87.68;14.54
2022;353;83.42;14.33
2022;354;81.93;14.37
2022;355;83.63;14.39
2022;356;83.31;14.72
2022;357;87.57;14.53
2022;358;89.09;15.07
2022;359;92.12;15.09
2022;360;86.25;14.14
2022;361;82.5;13.57
2022;362;86.47;14.2
2022;363;83.47;14.04
2022;364;87.16;14.78
2022;365;91.4;13.96
2023;1;79.55;12.45
2023;2;84.29;13.48
2023;3;86.99;13.82
2023;4;84.09;14.0
2023;5;88.03;14.34
2023;6;87.23;14.18
2023;7;88.6;14.82
2023;8;92.61;15.1
2023;9;87.72;13.8
2023;10;87.66;13.61
2023;11;89.31;13.96
2023;12;87.21;13.93
2023;13;89.53;14.55
2023;14;89.45;14.06
2023;15;81.29;13.27
2023;16;87.72;14.76
2023;17;90.0;14.71
2023;18;88.58;14.47
2023;19;87.76;14.17
2023;20;83.93;13.82
2023;21;91.44;14.5
2023;22;84.14;13.94
2023;23;82.76;13.98
2023;24;81.21;13.95
2023;25;82.61;14.28
2023;26;88.21;14.93
2023;27;80.25;14.0
2023;28;77.1;13.74
2023;29;73.07;12.93
2023;30;85.33;14.71
2023;31;86.22;14.73
2023;32;86.2;14.8
2023;33;80.42;14.05
2023;34;75.68;12.92
2023;35;75.93;13.49
2023;36;74.89;13.41
2023;37;81.81;14.71
2023;38;80.96;14.47
2023;39;79.96;14.27
2023;40;82.94;15.0
2023;41;80.51;14.95
2023;42;84.8;15.57
2023;43;81.26;15.02
2023;44;83.86;15.34
2023;45;85.77;15.58
2023;46;92.32;15.98
2023;47;89.8;15.67
2023;48;85.06;15.18
2023;49;89.47;15.26
2023;50;82.8;14.72
2023;51;83.39;14.54
2023;52;83.98;14.66
2023;53;77.78;13.39
2023;54;79.27;14.3
2023;55;80.88;14.26
2023;56;81.81;14.41
2023;57;80.55;14.27
2023;58;80.59;14.58
2023;59;82.4;14.99
2023;60;80.35;14.95
2023;61;85.24;15.43
2023;62;80.75;14.88
2023;63;83.29;14.62
2023;64;81.33;14.59
2023;65;86.23;15.09
2023;66;88.61;15.18
2023;67;89.22;15.16
2023;68;86.73;13.85
2023;69;85.04;14.01
2023;70;90.29;14.16
2023;71;86.98;13.94
2023;72;84.79;13.73
2023;73;84.58;13.23
2023;74;80.77;13.06
2023;75;80.69;13.65
2023;76;80.07;13.18
2023;77;81.75;13.63
2023;78;80.57;13.38
2023;79;82.43;14.29
2023;80;85.2;14.98
2023;81;88.18;15.23
2023;82;87.36;15.09
2023;83;84.77;14.5
2023;84;81.61;14.23
2023;85;81.38;14.61
2023;86;84.79;14.78
2023;87;80.21;14.69
2023;88;89.86;15.56
2023;89;87.27;15.75
2023;90;85.61;15.69
2023;91;87.7;15.64
2023;92;84.86;15.34
2023;93;79.77;14.76
2023;94;83.71;15.41
2023;95;86.68;15.74
2023;96;89.51;15.31
2023;97;86.35;14.75
2023;98;80.58;14.38
2023;99;79.57;14.83
2023;100;81.79;14.86
2023;101;83.25;15.17
2023;102;84.61;15.46
2023;103;84.17;15.26
2023;104;83.67;15.35
2023;105;87.22;15.62
2023;106;86.67;15.2
2023;107;83.97;14.86
2023;108;81.19;14.24
2023;109;77.1;14.59
2023;110;93.06;15.35
2023;111;78.07;13.31
2023;112;83.45;14.06
2023;113;80.98;13.64
2023;114;82.1;14.78
2023;115;84.67;15.54
2023;116;86.14;15.47
2023;117;88.83;15.24
2023;118;83.05;14.6
2023;119;83.79;14.96
2023;120;83.05;14.99
2023;121;82.7;14.83
2023;122;79.44;14.97
2023;123;80.64;15.64
2023;124;81.8;16.08
2023;125;80.1;15.86
2023;126;79.41;15.37
2023;127;74.2;14.93
2023;128;80.01;15.86
2023;129;85.12;16.34
2023;130;83.22;15.45
2023;131;81.15;15.57
2023;132;83.14;15.69
2023;133;84.56;16.3
2023;134;84.26;15.95
2023;135;86.08;16.23
2023;136;81.59;14.8
2023;137;77.92;15.21
2023;138;78.86;15.61
2023;139;86.54;16.66
2023;140;87.77;16.25
2023;141;85.4;15.47
2023;142;87.84;15.38
2023;143;89.27;15.2
2023;144;83.83;15.6
2023;145;89.93;16.24
2023;146;83.24;14.98
2023;147;83.88;15.43
2023;148;83.94;15.78
2023;149;85.11;15.21
2023;150;83.68;15.15
2023;151;83.34;15.04
2023;152;83.14;15.06
2023;153;80.59;14.85
2023;154;78.56;14.65
2023;155;82.33;15.01
2023;156;81.32;14.95
2023;157;83.84;15.3
2023;158;80.84;15.0
2023;159;81.04;14.79
2023;160;84.51;15.19
2023;161;84.31;15.31
2023;162;81.0;14.97
2023;163;74.6;14.26
2023;164;77.95;15.13
2023;165;79.38;15.03
2023;166;76.33;14.35
2023;167;74.31;14.36
2023;168;73.0;13.71
2023;169;67.05;12.87
2023;170;69.46;13.37
2023;171;74.03;14.43
2023;172;81.27;15.62
2023;173;82.54;15.4
2023;174;83.45;15.26
2023;175;81.54;15.1
2023;176;81.18;13.58
2023;177;78.5;13.88
2023;178;79.35;14.51
2023;179;80.77;14.84
2023;180;73.97;14.57
2023;181;70.55;14.01
2023;182;77.82;14.73
2023;183;78.83;14.51
2023;184;86.95;15.51
2023;185;83.17;15.01
2023;186;83.64;15.52
2023;187;88.75;16.06
2023;188;86.99;14.94
2023;189;80.17;14.59
2023;190;78.63;14.62
2023;191;80.67;15.35
2023;192;83.19;15.54
2023;193;80.2;15.06
2023;194;84.85;15.8
2023;195;84.13;15.28
2023;196;81.0;15.16
2023;197;78.18;14.79
2023;198;74.41;13.78
2023;199;64.65;12.03
2023;200;69.5;13.96
2023;201;70.2;14.38
2023;202;73.46;14.36
2023;203;78.38;14.69
2023;204;82.04;15.15
2023;205;82.77;15.49
2023;206;81.3;14.85
2023;207;83.17;15.54
2023;208;87.18;15.75
2023;209;82.61;15.48
2023;210;78.72;15.24
2023;211;77.28;14.8
2023;212;72.44;13.76
2023;213;69.97;13.03
2023;214;65.74;12.15
2023;215;73.43;13.18
2023;216;75.63;14.14
2023;217;75.84;14.69
2023;218;78.41;15.08
2023;219;78.72;15.13
2023;220;82.44;15.76
2023;221;76.75;15.01
2023;222;78.2;14.85
2023;223;76.14;14.78
2023;224;82.2;15.25
2023;225;84.64;15.26
2023;226;81.31;14.85
2023;227;84.81;15.02
2023;228;83.84;15.05
2023;229;81.6;15.13
2023;230;89.03;16.33
2023;231;88.79;16.02
2023;232;89.61;16.12
2023;233;86.65;15.55
2023;234;91.26;15.36
2023;235;79.34;13.75
2023;236;82.42;14.45
2023;237;79.82;14.34
2023;238;75.8;14.53
2023;239;76.26;14.82
2023;240;80.24;15.5
2023;241;74.87;14.35
2023;242;68.45;13.94
2023;243;78.9;15.64
2023;244;78.87;15.71
2023;245;84.67;15.74
2023;246;86.29;15.14
2023;247;83.88;15.48
2023;248;78.43;15.19
2023;249;76.91;14.94
2023;250;78.16;15.1
2023;251;84.47;15.69
2023;252;84.24;15.35
2023;253;85.17;15.56
2023;254;75.21;14.0
2023;255;77.45;15.13
2023;256;82.8;15.9
2023;257;82.41;15.55
2023;258;75.05;14.48
2023;259;77.12;15.17
2023;260;79.16;15.4
2023;261;79.91;15.15
2023;262;76.33;15.14
2023;263;74.85;14.79
2023;264;77.17;15.16
2023;265;80.47;15.91
2023;266;81.55;16.11
2023;267;79.0;14.91
2023;268;80.59;15.61
2023;269;82.56;15.89
2023;270;83.9;16.03
2023;271;89.57;16.2
2023;272;78.09;15.47
2023;273;81.5;16.05
2023;274;80.01;15.55
2023;275;84.41;15.93
2023;276;88.86;15.49
2023;277;81.93;15.06
2023;278;83.92;15.12
2023;279;81.45;15.01
2023;280;89.63;16.16
2023;281;88.31;15.85
2023;282;81.74;15.4
2023;283;82.44;15.98
2023;284;80.19;14.96
2023;285;86.12;16.13
2023;286;89.36;16.2
2023;287;86.61;15.54
2023;288;82.86;14.92
2023;289;82.22;14.97
2023;290;83.96;15.25
2023;291;79.99;14.73
2023;292;86.85;16.35
2023;293;84.39;15.52
2023;294;86.6;15.47
2023;295;85.35;15.08
2023;296;81.58;15.49
2023;297;92.35;16.25
2023;298;91.4;15.32
2023;299;87.7;14.67
2023;300;86.3;13.89
2023;301;81.32;13.64
2023;302;81.27;14.12
2023;303;79.4;13.89
2023;304;87.33;14.89
2023;305;89.11;14.52
2023;306;86.05;14.88
2023;307;85.64;15.13
2023;308;86.54;15.49
2023;309;89.69;15.65
2023;310;86.2;15.57
2023;311;83.46;15.72
2023;312;85.75;16.29
2023;313;90.03;16.59
2023;314;82.56;15.96
2023;315;83.4;16.09
2023;316;87.2;16.33
2023;317;82.72;16.2
2023;318;89.52;16.69
2023;319;88.12;16.03
2023;320;78.46;15.17
2023;321;82.69;15.53
2023;322;87.83;15.46
2023;323;91.88;16.11
2023;324;79.27;13.94
2023;325;83.99;14.8
2023;326;87.11;15.29
2023;327;92.29;15.92
2023;328;85.14;15.47
2023;329;80.46;14.52
2023;330;81.15;15.21
2023;331;82.16;15.64
2023;332;83.04;15.59
2023;333;81.81;15.07
2023;334;84.65;15.43
2023;335;78.92;15.04
2023;336;78.24;15.05
2023;337;79.96;15.33
2023;338;80.05;15.77
2023;339;79.13;15.78
2023;340;84.5;15.38
2023;341;77.96;14.72
2023;342;78.77;15.54
2023;343;80.62;16.07
2023;344;84.37;16.46
2023;345;85.98;16.56
2023;346;84.29;16.29
2023;347;82.47;16.4
2023;348;88.01;16.32
2023;349;91.2;16.01
2023;350;89.51;15.99
2023;351;83.43;15.49
2023;352;92.52;16.57
2023;353;89.63;16.0
2023;354;87.9;16.14
2023;355;91.45;16.7
2023;356;80.78;15.82
2023;357;94.32;17.32
2023;358;86.24;15.97
2023;359;89.87;15.94
2023;360;89.46;15.55
2023;361;90.75;15.52
2023;362;87.95;14.35
2023;363;87.21;14.65
2023;364;86.77;15.05
2023;365;89.0;15.26
2024;1;87.72;15.84
2024;2;90.74;16.61
2024;3;85.7;16.0
2024;4;85.19;15.39
2024;5;83.39;15.41
2024;6;77.53;14.78
2024;7;76.21;14.94
2024;8;79.39;15.73
2024;9;81.34;15.89
2024;10;79.18;15.25
2024;11;88.17;16.14
2024;12;88.47;15.39
2024;13;87.31;15.03
2024;14;81.6;15.37
2024;15;77.78;15.02
2024;16;80.42;15.74
2024;17;79.58;16.06
2024;18;82.76;16.49
2024;19;80.21;15.98
2024;20;83.76;16.72
2024;21;83.46;16.14
2024;22;74.8;15.16
2024;23;72.16;14.51
2024;24;70.95;14.27
2024;25;74.59;15.56
2024;26;81.24;15.86
2024;27;79.69;15.74
2024;28;84.74;16.49
2024;29;80.44;16.33
2024;30;79.86;15.82
2024;31;84.55;16.3
2024;32;85.28;16.45
2024;33;88.48;16.27
2024;34;87.02;15.58
2024;35;86.33;15.73
2024;36;86.51;15.63
2024;37;83.82;15.35
2024;38;82.87;15.67
2024;39;83.39;15.75
2024;40;82.43;16.18
2024;41;83.19;16.28
2024;42;85.2;16.51
2024;43;85.25;16.31
2024;44;83.21;16.26
2024;45;77.73;15.75
2024;46;82.25;16.8
2024;47;85.11;17.23
2024;48;87.95;17.28
2024;49;86.75;16.67
2024;50;85.9;16.68
2024;51;92.84;16.83
2024;52;89.44;15.21
2024;53;83.19;14.66
2024;54;81.39;14.96
2024;55;89.88;15.66
2024;56;78.29;13.79
2024;57;87.9;15.22
2024;58;78.26;14.1
2024;59;83.91;15.9
2024;60;86.38;15.82
2024;61;86.53;15.0
2024;62;84.61;14.32
2024;63;87.4;15.01
2024;64;85.76;15.33
2024;65;83.21;15.55
2024;66;82.02;15.73
2024;67;82.29;16.19
2024;68;83.52;16.02
2024;69;82.47;16.25
2024;70;81.82;16.51
2024;71;82.08;16.69
2024;72;78.95;16.29
2024;73;78.2;16.17
2024;74;79.64;16.39
2024;75;83.05;16.37
2024;76;81.86;16.64
2024;77;84.66;16.78
2024;78;83.75;16.11
2024;79;83.87;15.99
2024;80;89.15;16.3
2024;81;87.59;15.68
2024;82;87.32;15.72
2024;83;85.11;15.65
2024;84;86.29;16.01
2024;85;88.18;15.35
2024;86;84.27;15.14
2024;87;81.58;14.21
2024;88;76.33;13.9
2024;89;88.61;15.84
2024;90;79.07;15.12
2024;91;83.55;15.65
2024;92;86.08;16.12
2024;93;92.9;15.78
2024;94;85.28;14.74
2024;95;86.59;14.75
2024;96;80.98;14.74
2024;97;81.53;15.42
2024;98;80.85;16.09
2024;99;83.19;16.4
2024;100;79.37;15.84
2024;101;78.11;15.68
2024;102;76.86;15.55
2024;103;76.4;15.98
2024;104;84.87;16.87
2024;105;86.02;16.14
2024;106;86.19;16.02
2024;107;84.95;16.38
2024;108;87.83;16.45
2024;109;87.76;15.97
2024;110;90.8;15.71
2024;111;80.87;15.54
2024;112;89.3;16.0
2024;113;88.42;14.81
2024;114;84.02;15.34
2024;115;83.64;15.43
2024;116;80.88;15.4
2024;117;87.29;15.74
2024;118;87.27;15.22
2024;119;89.0;15.32
2024;120;81.75;15.03
2024;121;85.82;15.89
2024;122;86.06;16.14
2024;123;86.46;16.27
2024;124;94.22;16.55
2024;125;91.93;16.07
2024;126;86.53;15.59
2024;127;83.23;15.9
2024;128;91.19;16.89
2024;129;87.95;15.54
2024;130;84.39;15.7
2024;131;83.66;15.74
2024;132;85.65;16.52
2024;133;88.92;16.82
2024;134;86.76;16.52
2024;135;86.31;16.48
2024;136;87.43;16.04
2024;137;86.36;15.96
2024;138;87.72;16.48
2024;139;83.27;16.3
2024;140;81.22;15.98
2024;141;86.06;16.78
2024;142;84.63;16.1
2024;143;88.36;16.68
2024;144;90.53;16.83
2024;145;86.68;16.78
2024;146;85.25;16.71
2024;147;85.39;16.74
2024;148;81.93;15.89
2024;149;84.8;15.92
2024;150;86.94;16.1
2024;151;82.85;15.76
2024;152;82.64;16.06
2024;153;77.27;15.77
2024;154;82.4;16.47
2024;155;83.53;16.23
2024;156;84.23;15.67
2024;157;85.73;15.05
2024;158;84.84;14.44
2024;159;84.05;15.27
2024;160;82.52;15.68
2024;161;86.0;15.82
2024;162;87.08;15.74
2024;163;83.87;15.5
2024;164;80.74;15.14
2024;165;86.65;15.93
2024;166;88.01;15.54
2024;167;89.39;15.18
2024;168;82.75;14.79
2024;169;75.51;14.19
2024;170;89.97;15.79
2024;171;92.13;15.07
2024;172;88.5;15.61
2024;173;83.93;15.0
2024;174;82.64;15.13
2024;175;86.81;15.63
2024;176;82.95;14.92
2024;177;83.86;15.11
2024;178;85.1;15.25
2024;179;85.48;15.11
2024;180;90.78;14.95
2024;181;88.16;15.1
2024;182;82.57;15.25
2024;183;84.72;15.61
2024;184;81.29;14.88
2024;185;87.35;15.38
2024;186;90.75;15.49
2024;187;86.8;14.78
2024;188;80.47;14.73
2024;189;77.54;14.54
2024;190;76.25;14.2
2024;191;84.02;15.47
2024;192;83.04;15.35
2024;193;86.67;15.46
2024;194;80.59;14.74
2024;195;77.06;14.27
2024;196;77.19;14.88
2024;197;78.99;15.26
2024;198;78.43;14.84
2024;199;74.31;14.1
2024;200;78.1;13.85
2024;201;77.95;14.09
2024;202;77.17;14.28
2024;203;78.11;14.12
2024;204;79.05;14.55
2024;205;81.59;15.14
2024;206;82.3;15.09
2024;207;80.38;14.74
2024;208;80.14;14.86
2024;209;79.52;14.78
2024;210;79.22;15.1
2024;211;78.76;15.31
2024;212;74.95;14.61
2024;213;73.28;14.01
2024;214;75.39;13.84
2024;215;79.17;14.58
2024;216;87.23;15.55
2024;217;85.19;15.24
2024;218;80.61;14.55
2024;219;82.12;14.74
2024;220;84.68;15.06
2024;221;82.78;15.13
2024;222;83.79;15.19
2024;223;80.69;14.48
2024;224;79.75;14.8
2024;225;82.94;15.06
2024;226;76.73;14.24
2024;227;78.37;14.32
2024;228;78.54;14.76
2024;229;78.42;14.98
2024;230;71.43;13.85
2024;231;73.33;14.11
2024;232;75.64;14.54
2024;233;78.98;15.08
2024;234;82.48;15.3
2024;235;81.22;14.98
2024;236;84.82;14.94
2024;237;83.59;14.94
2024;238;81.52;14.88
2024;239;72.32;13.31
2024;240;74.02;13.91
2024;241;71.36;13.85
2024;242;75.24;14.41
2024;243;66.74;12.41
2024;244;71.56;12.92
2024;245;77.36;14.2
2024;246;73.55;13.75
2024;247;73.97;13.69
2024;248;78.65;15.01
2024;249;82.03;15.41
2024;250;76.46;14.82
2024;251;77.01;14.66
2024;252;77.34;14.94
2024;253;78.14;15.12
2024;254;73.01;13.97
2024;255;78.87;14.93
2024;256;79.74;15.42
2024;257;82.37;15.78
2024;258;77.04;15.23
2024;259;77.25;15.52
2024;260;79.4;15.84
2024;261;69.91;14.16
2024;262;75.43;15.17
2024;263;78.27;15.31
2024;264;77.91;14.81
2024;265;82.09;14.93
2024;266;78.02;14.03
2024;267;77.32;14.47
2024;268;78.74;14.88
2024;269;80.81;14.99
2024;270;87.98;15.57
2024;271;81.37;15.26
2024;272;87.5;14.95
2024;273;80.06;13.91
2024;274;80.95;14.82
2024;275;85.2;15.17
2024;276;82.35;14.2
2024;277;79.56;14.35
2024;278;83.46;15.32
2024;279;85.56;15.33
2024;280;85.41;15.36
2024;281;86.23;15.46
2024;282;91.35;15.44
2024;283;88.91;15.36
2024;284;89.0;15.2
2024;285;82.03;14.99
2024;286;83.27;15.35
2024;287;74.04;14.02
2024;288;72.17;13.48
2024;289;78.82;14.28
2024;290;79.98;15.02
2024;291;78.68;15.15
2024;292;84.47;16.01
2024;293;90.1;16.19
2024;294;87.47;15.39
2024;295;83.54;14.82
2024;296;83.56;15.09
2024;297;86.42;15.64
2024;298;87.38;15.82
2024;299;78.7;15.18
2024;300;85.18;15.84
2024;301;82.16;15.78
2024;302;76.88;14.83
2024;303;78.84;15.26
2024;304;82.62;14.85
2024;305;89.46;15.56
2024;306;85.55;14.96
2024;307;84.48;15.05
2024;308;85.53;15.03
2024;309;85.78;14.8
2024;310;83.59;15.18
2024;311;86.76;15.45
2024;312;86.83;15.34
2024;313;87.87;14.85
2024;314;85.12;14.41
2024;315;85.97;14.71
2024;316;86.22;14.48
2024;317;83.57;13.49
2024;318;83.26;13.87
2024;319;81.32;13.2
2024;320;87.71;14.56
2024;321;86.07;14.03
2024;322;89.79;14.51
2024;323;90.9;15.22
2024;324;90.37;14.96
2024;325;91.86;15.03
2024;326;92.62;15.02
2024;327;87.58;14.52
2024;328;85.55;14.7
2024;329;79.67;14.3
2024;330;80.69;14.59
2024;331;86.7;15.39
2024;332;86.67;15.03
2024;333;83.57;14.93
2024;334;84.46;14.97
2024;335;78.35;14.51
2024;336;83.44;15.53
2024;337;87.53;15.58
2024;338;91.7;15.5
2024;339;88.19;15.54
2024;340;87.54;15.23
2024;341;89.79;14.81
2024;342;87.03;14.7
2024;343;86.56;15.54
2024;344;82.81;15.29
2024;345;82.46;15.0
2024;346;82.32;14.89
2024;347;84.88;15.47
2024;348;86.11;15.2
2024;349;90.97;15.77
2024;350;90.91;15.59
2024;351;84.54;15.08
2024;352;80.76;15.14
2024;353;82.16;15.58
2024;354;84.26;15.83
2024;355;83.68;15.52
2024;356;85.22;15.28
2024;357;85.85;15.29
2024;358;84.17;15.11
2024;359;85.59;14.39
2024;360;87.09;14.89
2024;361;90.7;15.04
2024;362;89.9;14.64
2024;363;91.04;14.92
2024;364;88.12;14.54
2024;365;89.97;14.41
2024;366;90.02;14.44
2025;1;87.06;14.41
2025;2;88.12;14.48
2025;3;89.14;14.45
2025;4;89.36;14.56
2025;5;85.79;14.47
2025;6;85.86;14.9
2025;7;86.09;15.27
2025;8;91.62;15.68
2025;9;91.69;14.81
2025;10;84.64;14.61
2025;11;82.94;15.06
2025;12;84.55;15.47
2025;13;85.05;15.28
2025;14;85.8;15.32
2025;15;83.74;14.72
2025;16;87.21;14.6
2025;17;83.78;14.21
2025;18;76.49;13.56
2025;19;86.88;14.77
2025;20;82.27;14.11
2025;21;80.62;14.31
2025;22;77.25;13.84
2025;23;71.19;12.91
2025;24;81.97;14.75
2025;25;85.01;14.84
2025;26;80.89;14.6
2025;27;82.93;15.18
2025;28;85.23;15.47
2025;29;81.98;15.02
2025;30;83.29;15.58
2025;31;85.52;15.64
2025;32;84.97;15.74
2025;33;82.73;15.32
2025;34;91.21;16.16
2025;35;87.24;15.77
2025;36;87.35;14.89
2025;37;87.09;14.69
2025;38;87.8;15.17
2025;39;87.18;15.31
2025;40;89.31;14.93
2025;41;91.43;15.67
2025;42;89.71;15.23
2025;43;85.23;14.83
2025;44;86.97;14.71
2025;45;85.01;14.47
2025;46;84.29;14.29
2025;47;87.18;14.55
2025;48;87.82;14.2
2025;49;86.66;14.15
2025;50;85.63;14.73
2025;51;88.34;15.25
2025;52;89.88;15.55
2025;53;86.23;15.19
2025;54;84.68;15.82
2025;55;89.51;15.95
2025;56;93.26;15.2
2025;57;88.16;14.8
2025;58;84.96;15.11
2025;59;88.84;15.75
2025;60;88.64;15.17
2025;61;89.14;15.41
2025;62;87.14;15.3
2025;63;87.28;14.66
2025;64;88.07;14.07
2025;65;84.99;13.5
2025;66;81.93;13.84
2025;67;86.73;14.52
2025;68;83.79;14.25
2025;69;88.52;14.81
2025;70;90.12;14.71
2025;71;79.38;13.26
2025;72;87.81;14.94
2025;73;85.75;13.55
2025;74;85.05;13.59
2025;75;87.51;14.97
2025;76;90.15;15.31
2025;77;87.12;15.24
2025;78;88.19;15.82
2025;79;90.34;16.18
2025;80;82.7;15.65
2025;81;83.8;16.26
2025;82;84.76;16.21
2025;83;83.48;15.99
2025;84;81.98;15.61
2025;85;87.57;15.7
2025;86;90.07;15.42
2025;87;88.68;14.58
2025;88;87.31;15.28
2025;89;89.89;15.25
2025;90;87.42;14.6
2025;91;88.27;15.35
2025;92;87.25;15.24
2025;93;87.31;15.55
2025;94;89.71;15.66
2025;95;85.01;15.74
2025;96;89.36;15.95
2025;97;83.5;15.58
2025;98;88.25;15.85
2025;99;88.43;15.47
2025;100;88.09;15.09
2025;101;89.01;14.89
2025;102;88.47;16.0
2025;103;85.11;15.18
2025;104;83.82;15.21
2025;105;80.45;15.36
2025;106;87.92;16.51
2025;107;88.79;16.71
2025;108;84.09;16.39
2025;109;87.68;16.61
2025;110;81.65;15.23
2025;111;88.95;15.63
2025;112;88.09;15.32
2025;113;88.78;15.6
2025;114;86.45;15.32
2025;115;93.34;16.44
2025;116;92.93;15.9
2025;117;88.68;15.29
2025;118;85.77;15.27
2025;119;87.87;15.88
2025;120;92.75;15.75
2025;121;85.7;15.35
2025;122;87.66;15.4
2025;123;87.17;15.62
2025;124;90.96;15.52
2025;125;90.72;15.46
2025;126;86.67;15.06
2025;127;87.6;15.17
2025;128;87.4;15.28
2025;129;81.2;14.8
2025;130;75.65;14.41
2025;131;75.91;14.87
2025;132;85.91;16.36
2025;133;88.5;15.86
2025;134;86.34;15.68
2025;135;88.67;15.69
2025;136;89.82;15.35
2025;137;91.88;15.4
2025;138;90.38;15.31
2025;139;83.32;14.91
2025;140;89.32;15.9
2025;141;83.96;15.61
2025;142;82.23;15.44
2025;143;80.42;15.18
2025;144;87.07;16.06
2025;145;86.36;15.71
2025;146;87.31;15.74
2025;147;91.06;16.27
2025;148;86.0;15.85
2025;149;86.84;15.92
2025;150;86.68;15.93
2025;151;86.85;15.76
2025;152;87.72;15.77
2025;153;84.77;15.62
2025;154;84.63;15.42
2025;155;88.7;15.56
2025;156;85.14;15.25
2025;157;88.31;15.41
2025;158;80.52;14.81
2025;159;85.09;15.59
2025;160;87.41;15.62
2025;161;89.95;15.9
2025;162;86.12;15.41
2025;163;89.81;15.07
2025;164;92.07;14.89
2025;165;91.41;15.13
2025;166;88.01;15.41
2025;167;88.88;15.3
2025;168;85.41;15.21
2025;169;82.78;15.27
2025;170;85.17;15.59
2025;171;85.29;15.49
2025;172;87.73;14.97
2025;173;89.76;15.23
2025;174;92.14;15.01
2025;175;89.16;15.17
2025;176;85.29;15.07
2025;177;83.68;15.01
2025;178;87.9;15.52
2025;179;85.1;15.14
2025;180;80.14;14.25
2025;181;83.38;15.31
2025;182;84.82;15.7
2025;183;81.43;14.71
2025;184;80.49;14.28
2025;185;82.78;14.22
2025;186;81.47;13.84
2025;187;83.23;14.11
2025;188;81.65;14.19
2025;189;87.21;15.14
2025;190;86.52;15.2
2025;191;85.83;14.78
2025;192;86.15;14.92
2025;193;84.33;14.78
2025;194;82.46;14.26
2025;195;74.48;13.29
2025;196;71.96;13.08
2025;197;79.39;14.46
2025;198;84.08;15.36
2025;199;83.5;15.28
2025;200;83.18;15.04
2025;201;80.0;14.52
2025;202;81.93;14.49
2025;203;86.71;15.02
2025;204;85.97;15.38
2025;205;86.0;15.51
2025;206;85.95;15.25
2025;207;86.1;15.0
2025;208;83.82;15.11
2025;209;80.41;14.59
2025;210;81.28;14.67
2025;211;80.98;14.74
2025;212;82.66;14.83
2025;213;83.18;15.29
2025;214;85.8;15.58
2025;215;82.66;14.99
2025;216;81.15;14.36
2025;217;81.68;14.33
2025;218;86.97;14.58
2025;219;82.1;14.16
2025;220;84.1;14.46
2025;221;87.43;15.09
2025;222;84.0;14.65
2025;223;83.64;14.41
2025;224;84.56;14.89
2025;225;87.6;15.41
2025;226;83.99;14.83
2025;227;81.91;14.39
2025;228;87.19;14.77
2025;229;88.39;14.98
2025;230;85.79;14.97
2025;231;84.95;15.45
2025;232;83.92;15.34
2025;233;85.68;15.16
2025;234;84.33;15.01
2025;235;85.69;14.81
2025;236;82.25;14.86
2025;237;83.51;14.93
2025;238;79.51;14.96
2025;239;75.8;14.27
2025;240;79.87;14.84
2025;241;84.26;15.17
2025;242;83.93;14.7
2025;243;82.19;14.5
2025;244;85.21;15.03
2025;245;82.57;14.55
2025;246;82.42;14.56
2025;247;85.44;14.61
2025;248;85.86;14.77
2025;249;85.28;14.84
2025;250;85.56;14.47
2025;251;82.47;14.24
2025;252;82.44;14.93
2025;253;79.98;14.79
2025;254;80.94;14.69
2025;255;80.87;14.71
2025;256;81.75;14.72
2025;257;82.41;14.87
2025;258;83.13;14.88
2025;259;83.47;14.8
2025;260;89.77;15.35
2025;261;90.08;14.94
2025;262;84.98;14.81
2025;263;84.21;14.93
2025;264;86.62;15.3
2025;265;86.23;15.22
2025;266;84.46;15.48
2025;267;79.76;14.6
2025;268;79.54;14.48
2025;269;84.2;14.74
2025;270;84.3;14.76
2025;271;87.12;15.27
2025;272;86.81;15.32
2025;273;85.22;14.79
2025;274;90.91;15.42
2025;275;88.9;15.16
2025;276;90.07;14.82
2025;277;90.53;14.82
2025;278;90.69;14.85
2025;279;89.8;14.86
2025;280;89.72;15.35
2025;281;92.35;15.72
2025;282;90.56;15.17
2025;283;93.04;14.79
2025;284;92.09;14.61
2025;285;92.92;14.42
2025;286;89.93;14.82
2025;287;94.16;14.87
2025;288;91.97;14.97
2025;289;92.57;14.93
2025;290;91.76;14.87
2025;291;90.6;15.01
2025;292;89.67;14.91
2025;293;91.27;15.02
2025;294;92.06;15.22
2025;295;91.35;15.35
2025;296;91.91;15.43
2025;297;91.83;15.27
2025;298;93.06;15.48
2025;299;93.37;15.46
2025;300;94.36;15.26
2025;301;91.04;15.32
2025;302;92.0;15.28
2025;303;92.7;15.21
2025;304;91.55;15.5
